image_id,camera
220429_01,colour 2048x1536
220429_02,colour 2048x1536
220429_03,colour 2048x1536
220429_04,colour 2048x1536
220429_05,colour 2048x1536
220429_06,colour 2048x1536
220429_07,colour 2048x1536
220429_08,colour 2048x1536
220429_10,colour 2048x1536
220429_11,colour 2048x1536
220429_12,colour 2048x1536
220429_13,colour 2048x1536
220429_14,colour 2048x1536
220429_15,colour 2048x1536
220429_16,colour 2048x1536
220429_17,colour 2048x1536
220429_19,colour 2048x1536
220429_20,colour 2048x1536
220429_21,colour 2048x1536
220429_22,colour 2048x1536
220429_23,colour 2048x1536
220429_24,colour 2048x1536
220429_25,colour 2048x1536
220429_26,colour 2048x1536
220429_27,colour 2048x1536
220429_28,colour 2048x1536
220429_29,colour 2048x1536
220429_30,colour 2048x1536
220429_31,colour 2048x1536
220429_32,colour 2048x1536
220429_33,colour 2048x1536
220502_1,colour 2048x1536
220502_2,colour 2048x1536
220502_3,colour 2048x1536
220502_4,colour 2048x1536
220502_5,colour 2048x1536
220502_6,colour 2048x1536
220502_7,colour 2048x1536
220502_8,colour 2048x1536
220503_1,colour 2048x1536
220503_2,colour 2048x1536
220503_3,colour 2048x1536
220503_4,colour 2048x1536
220503_5,colour 2048x1536
220503_6,colour 2048x1536
220503_7,colour 2048x1536
220503_8,colour 2048x1536
220506_1,colour 2048x1536
220506_2,colour 2048x1536
220506_3,colour 2048x1536
220506_4,colour 2048x1536
220506_5,colour 2048x1536
220506_6,colour 2048x1536
220506_7,colour 2048x1536
220506_8,colour 2048x1536
220506_9,colour 2048x1536
220506_10,colour 2048x1536
220506_11,colour 2048x1536
220506_12,colour 2048x1536
220506_13,colour 2048x1536
220506_14,colour 2048x1536
220506_15,colour 2048x1536
220512_1,colour 2048x1536
220512_2,colour 2048x1536
220512_3,colour 2048x1536
220512_4,colour 2048x1536
220512_5,colour 2048x1536
220512_6,colour 2048x1536
220512_7,colour 2048x1536
220512_8,colour 2048x1536
220512_9,colour 2048x1536
220512_10,colour 2048x1536
220512_11,colour 2048x1536
220512_12,colour 2048x1536
220512_13,colour 2048x1536
220512_14,colour 2048x1536
220512_15,colour 2048x1536
220515_1,colour 2048x1536
220515_2,colour 2048x1536
220515_3,colour 2048x1536
220515_4,colour 2048x1536
220515_5,colour 2048x1536
220515_6,colour 2048x1536
220515_7,colour 2048x1536
220515_8,colour 2048x1536
220515_9,colour 2048x1536
220515_10,colour 2048x1536
220515_11,colour 2048x1536
220515_12,colour 2048x1536
220526_1,colour 2048x1536
220526_2,colour 2048x1536
220526_3,colour 2048x1536
220526_4,colour 2048x1536
220526_5,colour 2048x1536
220526_6,colour 2048x1536
220606_1,colour 2048x1536
220606_2,colour 2048x1536
220606_3,colour 2048x1536
220606_4,colour 2048x1536
220606_5,colour 2048x1536
220606_6,colour 2048x1536
220606_7,colour 2048x1536
220606_8,colour 2048x1536
220606_10,colour 2048x1536
220606_11,colour 2048x1536
220606_12,colour 2048x1536
220606_13,colour 2048x1536
220606_14,colour 2048x1536
220606_15,colour 2048x1536
220606_16,colour 2048x1536
220606_17,colour 2048x1536
220606_18,colour 2048x1536
220606_19,colour 2048x1536
220606_20,colour 2048x1536
220606_21,colour 2048x1536
220606_22,colour 2048x1536
220608_1,colour 2048x1536
220608_2,colour 2048x1536
220608_3,colour 2048x1536
220608_4,colour 2048x1536
220608_5,colour 2048x1536
220608_6,colour 2048x1536
220608_7,colour 2048x1536
220608_8,colour 2048x1536
220608_9,colour 2048x1536
220608_10,colour 2048x1536
220608_11,colour 2048x1536
220608_12,colour 2048x1536
220608_13,colour 2048x1536
220608_14,colour 2048x1536
220608_15,colour 2048x1536
220608_16,colour 2048x1536
220608_17,colour 2048x1536
220608_18,colour 2048x1536
220608_19,colour 2048x1536
220608_20,colour 2048x1536
220608_21,colour 2048x1536
220608_22,colour 2048x1536
220608_23,colour 2048x1536
220609_1,colour 2048x1536
220609_2,colour 2048x1536
220609_3,colour 2048x1536
220609_4,colour 2048x1536
220609_5,colour 2048x1536
220609_6,colour 2048x1536
220609_7,colour 2048x1536
220609_8,colour 2048x1536
220609_9,colour 2048x1536
220609_10,colour 2048x1536
220609_11,colour 2048x1536
220609_12,colour 2048x1536
220609_13,colour 2048x1536
220609_14,colour 2048x1536
220609_15,colour 2048x1536
220609_16,colour 2048x1536
220610_1,colour 2048x1536
220610_2,colour 2048x1536
220610_3,colour 2048x1536
220610_4,colour 2048x1536
220610_5,colour 2048x1536
220610_6,colour 2048x1536
220610_7,colour 2048x1536
220610_8,colour 2048x1536
220610_9,colour 2048x1536
220610_10,colour 2048x1536
220610_11,colour 2048x1536
220610_12,colour 2048x1536
220610_13,colour 2048x1536
220610_14,colour 2048x1536
220610_15,colour 2048x1536
220610_16,colour 2048x1536
220610_17,colour 2048x1536
220610_18,colour 2048x1536
220610_19,colour 2048x1536
220610_20,colour 2048x1536
220610_21,colour 2048x1536
220610_22,colour 2048x1536
220610_23,colour 2048x1536
220610_24,colour 2048x1536
220611_1,colour 2048x1536
220611_2,colour 2048x1536
220611_3,colour 2048x1536
220611_4,colour 2048x1536
220611_5,colour 2048x1536
220611_6,colour 2048x1536
220611_7,colour 2048x1536
220611_8,colour 2048x1536
220611_9,colour 2048x1536
220611_10,colour 2048x1536
220611_11,colour 2048x1536
220611_12,colour 2048x1536
220611_13,colour 2048x1536
220611_14,colour 2048x1536
220611_15,colour 2048x1536
220611_16,colour 2048x1536
220611_17,colour 2048x1536
220611_18,colour 2048x1536
220611_19,colour 2048x1536
220611_20,colour 2048x1536
220611_21,colour 2048x1536
220611_22,colour 2048x1536
220611_23,colour 2048x1536
220611_24,colour 2048x1536
220612_1,colour 2048x1536
220612_2,colour 2048x1536
220612_3,colour 2048x1536
220612_4,colour 2048x1536
220612_5,colour 2048x1536
220612_6,colour 2048x1536
220612_7,colour 2048x1536
220612_8,colour 2048x1536
220612_9,colour 2048x1536
220612_10,colour 2048x1536
220612_11,colour 2048x1536
220612_12,colour 2048x1536
220612_13,colour 2048x1536
220612_14,colour 2048x1536
220612_15,colour 2048x1536
220612_16,colour 2048x1536
220612_17,colour 2048x1536
220612_18,colour 2048x1536
220612_19,colour 2048x1536
220612_20,colour 2048x1536
220612_21,colour 2048x1536
220612_22,colour 2048x1536
220612_23,colour 2048x1536
220612_24,colour 2048x1536
220620_1,colour 2048x1536
220620_2,colour 2048x1536
220620_3,colour 2048x1536
220620_4,colour 2048x1536
220620_5,colour 2048x1536
220620_6,colour 2048x1536
220620_7,colour 2048x1536
220620_8,colour 2048x1536
220620_9,colour 2048x1536
220620_10,colour 2048x1536
220620_11,colour 2048x1536
220620_12,colour 2048x1536
220626_1,colour 2048x1536
220626_2,colour 2048x1536
220626_3,colour 2048x1536
220626_4,colour 2048x1536
220626_5,colour 2048x1536
220626_6,colour 2048x1536
220626_7,colour 2048x1536
220626_8,colour 2048x1536
220626_9,colour 2048x1536
220626_10,colour 2048x1536
220626_11,colour 2048x1536
220626_12,colour 2048x1536
220626_13,colour 2048x1536
220626_14,colour 2048x1536
220626_15,colour 2048x1536
220626_16,colour 2048x1536
220630_01,colour 2048x1536
220630_02,colour 2048x1536
220630_03,colour 2048x1536
220630_04,colour 2048x1536
220630_05,colour 2048x1536
220630_06,colour 2048x1536
220630_07,colour 2048x1536
220630_08,colour 2048x1536
220630_09,colour 2048x1536
220630_10,colour 2048x1536
220630_11,colour 2048x1536
220630_12,colour 2048x1536
220630_13,colour 2048x1536
220630_14,colour 2048x1536
220630_15,colour 2048x1536
220630_16,colour 2048x1536
220630_17,colour 2048x1536
220630_18,colour 2048x1536
220630_19,colour 2048x1536
220706_1,colour 2048x1536
220706_2,colour 2048x1536
220706_3,colour 2048x1536
220706_4,colour 2048x1536
220706_5,colour 2048x1536
220706_6,colour 2048x1536
220706_7,colour 2048x1536
220706_8,colour 2048x1536
220706_9,colour 2048x1536
220706_10,colour 2048x1536
220708_1,colour 2048x1536
220708_2,colour 2048x1536
220708_3,colour 2048x1536
220708_4,colour 2048x1536
220708_5,colour 2048x1536
220708_6,colour 2048x1536
220708_7,colour 2048x1536
220708_8,colour 2048x1536
220708_9,colour 2048x1536
220708_10,colour 2048x1536
220708_11,colour 2048x1536
220708_12,colour 2048x1536
220708_13,colour 2048x1536
220715_1,colour 2048x1536
220715_2,colour 2048x1536
220715_3,colour 2048x1536
220715_4,colour 2048x1536
220715_5,colour 2048x1536
220715_6,colour 2048x1536
220715_7,colour 2048x1536
220715_8,colour 2048x1536
220715_9,colour 2048x1536
220715_10,colour 2048x1536
220715_11,colour 2048x1536
220715_12,colour 2048x1536
220715_13,colour 2048x1536
220715_14,colour 2048x1536
220715_15,colour 2048x1536
220716_1,colour 2048x1536
220716_2,colour 2048x1536
220716_3,colour 2048x1536
220716_4,colour 2048x1536
220716_5,colour 2048x1536
220716_6,colour 2048x1536
220716_7,colour 2048x1536
220716_8,colour 2048x1536
220716_9,colour 2048x1536
220718_1,colour 2048x1536
220718_2,colour 2048x1536
220718_3,colour 2048x1536
220718_4,colour 2048x1536
220718_5,colour 2048x1536
220718_6,colour 2048x1536
220718_7,colour 2048x1536
220718_8,colour 2048x1536
220718_9,colour 2048x1536
220721_1,colour 2048x1536
220721_2,colour 2048x1536
220721_3,colour 2048x1536
220721_4,colour 2048x1536
220721_5,colour 2048x1536
220721_6,colour 2048x1536
220722_1,colour 2048x1536
220722_2,colour 2048x1536
220722_3,colour 2048x1536
220722_4,colour 2048x1536
220722_5,colour 2048x1536
220722_6,colour 2048x1536
220722_7,colour 2048x1536
220722_8,colour 2048x1536
220722_9,colour 2048x1536
220724_1,colour 2048x1536
220724_2,colour 2048x1536
220724_3,colour 2048x1536
220724_4,colour 2048x1536
220724_5,colour 2048x1536
220724_6,colour 2048x1536
220724_7,colour 2048x1536
220724_8,colour 2048x1536
220724_9,colour 2048x1536
221012_1,colour 2048x1536
221012_2,colour 2048x1536
221012_3,colour 2048x1536
221012_4,colour 2048x1536
221012_5,colour 2048x1536
221012_6,colour 2048x1536
221012_7,colour 2048x1536
221012_8,colour 2048x1536
221012_9,colour 2048x1536
221012_10,colour 2048x1536
221012_11,colour 2048x1536
221012_12,colour 2048x1536
221012_13,colour 2048x1536
221012_14,colour 2048x1536
221012_15,colour 2048x1536
221012_16,colour 2048x1536
221012_17,colour 2048x1536
221012_18,colour 2048x1536
221012_19,colour 2048x1536
221012_20,colour 2048x1536
221012_21,colour 2048x1536
221012_22,colour 2048x1536
221012_23,colour 2048x1536
221012_24,colour 2048x1536
221010_1,colour 2048x1536
221010_2,colour 2048x1536
221010_3,colour 2048x1536
221010_4,colour 2048x1536
221010_5,colour 2048x1536
221010_6,colour 2048x1536
221010_7,colour 2048x1536
221010_8,colour 2048x1536
221010_9,colour 2048x1536
221010_10,colour 2048x1536
221010_11,colour 2048x1536
221010_12,colour 2048x1536
221010_13,colour 2048x1536
221010_14,colour 2048x1536
221010_15,colour 2048x1536
221010_16,colour 2048x1536
221010_17,colour 2048x1536
221010_18,colour 2048x1536
221010_19,colour 2048x1536
221010_20,colour 2048x1536
221010_21,colour 2048x1536
221010_22,colour 2048x1536
221010_23,colour 2048x1536
221010_24,colour 2048x1536
221010_25,colour 2048x1536
221010_26,colour 2048x1536
221010_27,colour 2048x1536
221010_28,colour 2048x1536
221010_29,colour 2048x1536
221010_30,colour 2048x1536
221010_31,colour 2048x1536
221010_32,colour 2048x1536
221010_33,colour 2048x1536
221010_34,colour 2048x1536
221010_35,colour 2048x1536
221010_36,colour 2048x1536
221010_37,colour 2048x1536
221010_38,colour 2048x1536
221010_39,colour 2048x1536
221010_40,colour 2048x1536
221010_41,colour 2048x1536
221010_42,colour 2048x1536
221010_43,colour 2048x1536
221010_44,colour 2048x1536
221010_45,colour 2048x1536
221010_46,colour 2048x1536
221010_47,colour 2048x1536
221010_48,colour 2048x1536
221010_49,colour 2048x1536
221010_50,colour 2048x1536
221010_51,colour 2048x1536
221010_52,colour 2048x1536
221010_53,colour 2048x1536
221010_54,colour 2048x1536
221010_55,colour 2048x1536
221010_56,colour 2048x1536
221010_57,colour 2048x1536
221010_58,colour 2048x1536
221010_59,colour 2048x1536
221010_60,colour 2048x1536
221010_61,colour 2048x1536
221010_62,colour 2048x1536
221010_63,colour 2048x1536
221010_64,colour 2048x1536
221010_65,colour 2048x1536
221010_66,colour 2048x1536
221010_67,colour 2048x1536
221010_68,colour 2048x1536
221010_69,colour 2048x1536
221010_70,colour 2048x1536
221010_71,colour 2048x1536
221010_72,colour 2048x1536
221010_73,colour 2048x1536
221010_74,colour 2048x1536
221010_75,colour 2048x1536
221010_76,colour 2048x1536
221010_77,colour 2048x1536
221010_78,colour 2048x1536
221010_79,colour 2048x1536
221010_80,colour 2048x1536
221010_81,colour 2048x1536
221010_82,colour 2048x1536
221010_83,colour 2048x1536
221010_84,colour 2048x1536
221010_85,colour 2048x1536
221010_86,colour 2048x1536
221010_87,colour 2048x1536
221010_88,colour 2048x1536
221010_89,colour 2048x1536
221010_90,colour 2048x1536
221010_91,colour 2048x1536
221010_92,colour 2048x1536
221010_93,colour 2048x1536
221010_94,colour 2048x1536
221010_95,colour 2048x1536
221010_96,colour 2048x1536
221010_97,colour 2048x1536
221010_98,colour 2048x1536
221010_99,colour 2048x1536
221123_1,colour 2048x1536
221123_2,colour 2048x1536
221123_3,colour 2048x1536
221123_4,colour 2048x1536
221123_5,colour 2048x1536
221123_6,colour 2048x1536
221123_7,colour 2048x1536
221123_8,colour 2048x1536
221123_9,colour 2048x1536
221123_10,colour 2048x1536
221123_11,colour 2048x1536
221123_12,colour 2048x1536
221214_18,colour 2048x1536
221214_19,colour 2048x1536
221214_20,colour 2048x1536
221214_21,colour 2048x1536
221214_22,colour 2048x1536
221214_23,colour 2048x1536
221214_24,colour 2048x1536
221214_25,colour 2048x1536
221214_26,colour 2048x1536
221214_27,colour 2048x1536
221214_28,colour 2048x1536
221214_29,colour 2048x1536
221214_30,colour 2048x1536
221214_31,colour 2048x1536
221214_32,colour 2048x1536
221214_33,colour 2048x1536
221214_34,colour 2048x1536
221214_35,colour 2048x1536
221215_1,colour 2048x1536
221215_2,colour 2048x1536
221215_3,colour 2048x1536
221215_4,colour 2048x1536
221215_5,colour 2048x1536
221215_6,colour 2048x1536
221219_1,colour 2048x1536
221219_2,colour 2048x1536
221219_3,colour 2048x1536
221219_4,colour 2048x1536
221219_5,colour 2048x1536
221219_6,colour 2048x1536
221219_7,colour 2048x1536
221219_8,colour 2048x1536
221219_9,colour 2048x1536
221219_10,colour 2048x1536
221219_11,colour 2048x1536
221219_12,colour 2048x1536
221219_13,colour 2048x1536
221219_14,colour 2048x1536
221219_15,colour 2048x1536
221219_16,colour 2048x1536
221219_17,colour 2048x1536
221215_7,colour 2048x1536
221215_8,colour 2048x1536
221215_9,colour 2048x1536
221215_10,colour 2048x1536
221215_11,colour 2048x1536
221215_12,colour 2048x1536
221215_13,colour 2048x1536
221215_14,colour 2048x1536
221215_15,colour 2048x1536
221215_16,colour 2048x1536
221215_17,colour 2048x1536
221215_18,colour 2048x1536
221215_19,colour 2048x1536
221215_20,colour 2048x1536
221215_21,colour 2048x1536
221215_22,colour 2048x1536
230109_1,colour 2048x1536
230109_2,colour 2048x1536
230109_3,colour 2048x1536
230109_4,colour 2048x1536
230109_5,colour 2048x1536
230109_6,colour 2048x1536
230109_7,colour 2048x1536
230109_8,colour 2048x1536
230109_9,colour 2048x1536
230109_10,colour 2048x1536
230109_11,colour 2048x1536
230109_12,colour 2048x1536
230109_13,colour 2048x1536
230109_14,colour 2048x1536
230109_15,colour 2048x1536
230109_16,colour 2048x1536
230109_17,colour 2048x1536
230109_18,colour 2048x1536
230109_19,colour 2048x1536
230109_20,colour 2048x1536
230109_21,colour 2048x1536
230109_22,colour 2048x1536
230109_23,colour 2048x1536
230109_24,colour 2048x1536
230109_25,colour 2048x1536
230109_26,colour 2048x1536
230109_27,colour 2048x1536
230109_28,colour 2048x1536
230109_29,colour 2048x1536
230109_30,colour 2048x1536
230109_31,colour 2048x1536
230109_32,colour 2048x1536
230109_33,colour 2048x1536
230109_34,colour 2048x1536
230109_35,colour 2048x1536
230109_36,colour 2048x1536
230109_60,colour 2048x1536
230109_61,colour 2048x1536
230109_62,colour 2048x1536
230109_63,colour 2048x1536
230109_64,colour 2048x1536
230109_65,colour 2048x1536
230109_66,colour 2048x1536
230109_67,colour 2048x1536
230109_68,colour 2048x1536
230109_69,colour 2048x1536
230109_70,colour 2048x1536
230109_71,colour 2048x1536
230109_72,colour 2048x1536
230109_73,colour 2048x1536
230109_74,colour 2048x1536
230109_75,colour 2048x1536
230109_76,colour 2048x1536
230109_77,colour 2048x1536
230109_78,colour 2048x1536
230109_79,colour 2048x1536
230109_80,colour 2048x1536
230109_81,colour 2048x1536
230109_82,colour 2048x1536
230109_83,colour 2048x1536
230109_84,colour 2048x1536
230109_85,colour 2048x1536
230109_86,colour 2048x1536
230109_87,colour 2048x1536
230109_88,colour 2048x1536
230109_89,colour 2048x1536
230109_90,colour 2048x1536
230109_91,colour 2048x1536
230109_92,colour 2048x1536
230109_93,colour 2048x1536
230109_94,colour 2048x1536
230109_95,colour 2048x1536
230109_96,colour 2048x1536
230109_97,colour 2048x1536
230109_98,colour 2048x1536
230109_99,colour 2048x1536
230109_100,colour 2048x1536
230109_101,colour 2048x1536
230109_102,colour 2048x1536
230109_103,colour 2048x1536
230109_104,colour 2048x1536
230109_105,colour 2048x1536
230109_106,colour 2048x1536
230109_107,colour 2048x1536
230109_108,colour 2048x1536
230109_109,colour 2048x1536
230109_110,colour 2048x1536
230109_111,colour 2048x1536
230109_112,colour 2048x1536
230109_113,colour 2048x1536
230109_114,colour 2048x1536
230109_115,colour 2048x1536
230109_116,colour 2048x1536
230109_117,colour 2048x1536
230109_118,colour 2048x1536
230109_119,colour 2048x1536
230109_120,colour 2048x1536
230109_121,colour 2048x1536
230109_122,colour 2048x1536
230109_123,colour 2048x1536
230109_124,colour 2048x1536
230109_125,colour 2048x1536
230109_126,colour 2048x1536
230109_127,colour 2048x1536
230109_128,colour 2048x1536
230109_129,colour 2048x1536
230109_130,colour 2048x1536
230110_131,colour 2048x1536
230110_132,colour 2048x1536
230110_133,colour 2048x1536
230110_134,colour 2048x1536
230110_135,colour 2048x1536
230110_136,colour 2048x1536
230110_137,colour 2048x1536
230110_138,colour 2048x1536
230110_139,colour 2048x1536
230110_140,colour 2048x1536
230110_141,colour 2048x1536
230110_142,colour 2048x1536
230110_143,colour 2048x1536
230110_144,colour 2048x1536
230110_145,colour 2048x1536
230110_146,colour 2048x1536
230110_147,colour 2048x1536
230119_1,colour 2048x1536
230119_2,colour 2048x1536
230119_3,colour 2048x1536
230119_4,colour 2048x1536
230119_5,colour 2048x1536
230119_6,colour 2048x1536
230119_7,colour 2048x1536
230119_8,colour 2048x1536
230119_9,colour 2048x1536
230119_10,colour 2048x1536
230119_11,colour 2048x1536
230119_12,colour 2048x1536
230119_13,colour 2048x1536
230119_14,colour 2048x1536
230119_15,colour 2048x1536
230119_16,colour 2048x1536
230119_17,colour 2048x1536
230119_18,colour 2048x1536
230119_19,colour 2048x1536
230119_20,colour 2048x1536
230119_21,colour 2048x1536
230119_22,colour 2048x1536
230119_23,colour 2048x1536
230119_24,colour 2048x1536
230119_25,colour 2048x1536
230119_26,colour 2048x1536
230119_27,colour 2048x1536
230119_28,colour 2048x1536
230119_29,colour 2048x1536
230119_30,colour 2048x1536
230119_31,colour 2048x1536
230119_32,colour 2048x1536
230119_33,colour 2048x1536
230119_34,colour 2048x1536
230119_35,colour 2048x1536
230119_36,colour 2048x1536
230119_37,colour 2048x1536
230119_38,colour 2048x1536
230119_39,colour 2048x1536
230119_40,colour 2048x1536
230119_41,colour 2048x1536
230119_42,colour 2048x1536
230119_43,colour 2048x1536
230119_44,colour 2048x1536
230119_45,colour 2048x1536
230119_46,colour 2048x1536
230119_47,colour 2048x1536
230119_48,colour 2048x1536
230119_49,colour 2048x1536
230119_50,colour 2048x1536
230119_51,colour 2048x1536
230119_52,colour 2048x1536
230119_53,colour 2048x1536
230119_54,colour 2048x1536
230119_55,colour 2048x1536
230119_56,colour 2048x1536
230119_57,colour 2048x1536
230119_58,colour 2048x1536
230119_59,colour 2048x1536
230119_60,colour 2048x1536
230119_61,colour 2048x1536
230119_62,colour 2048x1536
230119_63,colour 2048x1536
230119_64,colour 2048x1536
230119_65,colour 2048x1536
230119_66,colour 2048x1536
230119_67,colour 2048x1536
230119_68,colour 2048x1536
230119_69,colour 2048x1536
230119_70,colour 2048x1536
230123_1,colour 2048x1536
230123_2,colour 2048x1536
230123_3,colour 2048x1536
230123_4,colour 2048x1536
230123_5,colour 2048x1536
230123_6,colour 2048x1536
230123_7,colour 2048x1536
230123_8,colour 2048x1536
230123_9,colour 2048x1536
230123_10,colour 2048x1536
230123_11,colour 2048x1536
230123_12,colour 2048x1536
230123_13,colour 2048x1536
230123_14,colour 2048x1536
230123_15,colour 2048x1536
230123_16,colour 2048x1536
230123_17,colour 2048x1536
230123_18,colour 2048x1536
230123_19,colour 2048x1536
230123_20,colour 2048x1536
230123_21,colour 2048x1536
230123_22,colour 2048x1536
230123_23,colour 2048x1536
230123_24,colour 2048x1536
230123_25,colour 2048x1536
230123_26,colour 2048x1536
230206_1,colour 2048x1536
230206_2,colour 2048x1536
230206_3,colour 2048x1536
230206_4,colour 2048x1536
230206_5,colour 2048x1536
230206_6,colour 2048x1536
230206_7,colour 2048x1536
230206_8,colour 2048x1536
230206_9,colour 2048x1536
230206_10,colour 2048x1536
230206_11,colour 2048x1536
230206_12,colour 2048x1536
230206_13,colour 2048x1536
230206_14,colour 2048x1536
230206_15,colour 2048x1536
230206_16,colour 2048x1536
230206_17,colour 2048x1536
230206_18,colour 2048x1536
230206_19,colour 2048x1536
230206_20,colour 2048x1536
230206_21,colour 2048x1536
230206_22,colour 2048x1536
230206_23,colour 2048x1536
230206_24,colour 2048x1536
230206_25,colour 640x480
230206_26,colour 640x480
230206_27,colour 640x480
230206_28,colour 640x480
230206_29,colour 640x480
230206_30,colour 640x480
230206_31,colour 640x480
230206_32,colour 640x480
230206_33,colour 640x480
230206_34,colour 640x480
230206_35,colour 640x480
230206_36,colour 640x480
230206_37,colour 640x480
230206_38,colour 640x480
230206_39,colour 640x480
230206_40,colour 640x480
230206_41,colour 640x480
230206_42,colour 640x480
230206_43,colour 640x480
230206_44,colour 640x480
230206_45,colour 640x480
230206_46,colour 640x480
230206_47,colour 640x480
230206_48,colour 640x480
230206_49,colour 640x480
230206_50,colour 640x480
230206_51,colour 640x480
230206_52,colour 640x480
230206_53,colour 640x480
230206_54,colour 640x480
230206_55,colour 640x480
230206_56,colour 640x480
230206_57,colour 640x480
230214_1,colour 640x480
230214_2,colour 640x480
230214_3,colour 640x480
230214_4,colour 640x480
230214_5,colour 640x480
230214_6,colour 640x480
230214_7,colour 640x480
230214_8,colour 640x480
230214_9,colour 640x480
230214_10,colour 640x480
230214_11,colour 640x480
230214_12,colour 640x480
230214_13,colour 640x480
230214_14,colour 640x480
230214_15,colour 640x480
230214_16,colour 640x480
230214_17,colour 640x480
230214_18,colour 640x480
230214_19,colour 640x480
230214_20,colour 640x480
230214_21,colour 640x480
230214_22,colour 640x480
230214_23,colour 640x480
230214_24,colour 640x480
230214_25,colour 640x480
230214_26,colour 640x480
230214_27,colour 640x480
230214_28,colour 640x480
230214_29,colour 640x480
230214_30,colour 640x480
230214_31,colour 640x480
230214_32,colour 640x480
230214_33,colour 640x480
230214_34,colour 640x480
230214_35,colour 640x480
230214_36,colour 640x480
230214_37,colour 640x480
230214_38,colour 640x480
230214_39,colour 640x480
230214_40,colour 640x480
230214_41,colour 640x480
230214_42,colour 640x480
230214_43,colour 640x480
230214_44,colour 640x480
230214_45,colour 640x480
230214_46,colour 640x480
230214_47,colour 640x480
230214_48,colour 640x480
230215_1,colour 640x480
230215_2,colour 640x480
230215_3,colour 640x480
230215_4,colour 640x480
230215_5,colour 640x480
230215_6,colour 640x480
230215_7,colour 2048x1536
230215_8,colour 2048x1536
230215_9,colour 2048x1536
230215_10,colour 2048x1536
230215_11,colour 2048x1536
230215_12,colour 2048x1536
230215_13,colour 2048x1536
230215_14,colour 2048x1536
230215_15,colour 2048x1536
230215_16,colour 2048x1536
230215_17,colour 2048x1536
230215_18,colour 2048x1536
230215_19,colour 2048x1536
230215_20,colour 2048x1536
230215_21,colour 2048x1536
230215_22,colour 2048x1536
230215_23,colour 2048x1536
230215_24,colour 2048x1536
230216_1,colour 2048x1536
230216_2,colour 2048x1536
230216_3,colour 2048x1536
230216_4,colour 2048x1536
230216_5,colour 2048x1536
230216_6,colour 2048x1536
230314_36,colour 2048x1536
230314_37,colour 2048x1536
230314_38,colour 2048x1536
230314_39,colour 2048x1536
230314_40,colour 2048x1536
230314_41,colour 2048x1536
230314_42,colour 2048x1536
230314_43,colour 2048x1536
230314_44,colour 2048x1536
230314_45,colour 2048x1536
230314_46,colour 2048x1536
230314_47,colour 2048x1536
230314_48,colour 2048x1536
230314_49,colour 2048x1536
230314_50,colour 2048x1536
230314_1,grey 2056x1542
230314_2,grey 2056x1542
230314_3,grey 2056x1542
230314_4,grey 2056x1542
230314_5,grey 2056x1542
230314_6,grey 2056x1542
230314_7,grey 2056x1542
230314_8,grey 2056x1542
230314_9,grey 2056x1542
230314_10,grey 2056x1542
230314_11,grey 2056x1542
230314_12,grey 2056x1542
230314_13,grey 2056x1542
230314_14,grey 2056x1542
230314_15,grey 2056x1542
230314_16,grey 2056x1542
230314_17,grey 2056x1542
230314_18,grey 2056x1542
230314_19,grey 2056x1542
230314_20,grey 2056x1542
230314_21,grey 2056x1542
230314_22,grey 2056x1542
230314_23,grey 2056x1542
230314_24,grey 2056x1542
230314_25,grey 2056x1542
230314_26,grey 2056x1542
230314_27,grey 2056x1542
230314_28,grey 2056x1542
230314_29,grey 2056x1542
230314_30,grey 2056x1542
230314_31,grey 2056x1542
230314_32,grey 2056x1542
230314_33,grey 2056x1542
230314_34,grey 2056x1542
230314_35,grey 2056x1542
230315_1,grey 2056x1542
230315_2,grey 2056x1542
230315_3,grey 2056x1542
230315_4,grey 2056x1542
230315_5,grey 2056x1542
230315_6,grey 2056x1542
230315_7,grey 2056x1542
230315_8,grey 2056x1542
230315_9,grey 2056x1542
230315_10,grey 2056x1542
230315_11,grey 2056x1542
230315_12,grey 2056x1542
230315_13,grey 2056x1542
230315_14,grey 2056x1542
230315_15,grey 2056x1542
230315_16,grey 2056x1542
230315_17,grey 2056x1542
230315_18,grey 2056x1542
230315_19,grey 2056x1542
230315_20,grey 2056x1542
230315_21,grey 2056x1542
230315_22,grey 2056x1542
230315_23,grey 2056x1542
230315_24,grey 2056x1542
230315_25,grey 2056x1542
230315_26,grey 2056x1542
230315_27,grey 2056x1542
230315_28,grey 2056x1542
230315_29,grey 2056x1542
230315_30,grey 2056x1542
230315_31,grey 2056x1542
230315_32,grey 2056x1542
230315_33,grey 2056x1542
230315_34,grey 2056x1542
230315_35,grey 2056x1542
230315_36,grey 2056x1542
230315_37,grey 2056x1542
230315_38,grey 2056x1542
230315_39,grey 2056x1542
230315_40,grey 2056x1542
230315_41,grey 2056x1542
230315_42,grey 2056x1542
230315_43,grey 2056x1542
230315_44,grey 2056x1542
230315_45,grey 2056x1542
230315_46,grey 2056x1542
230315_47,grey 2056x1542
230315_48,grey 2056x1542
230315_49,grey 2056x1542
230315_50,grey 2056x1542
230315_51,grey 2056x1542
230315_52,grey 2056x1542
230315_53,grey 2056x1542
230315_54,grey 2056x1542
230315_55,grey 2056x1542
230315_56,grey 2056x1542
230315_57,grey 2056x1542
230315_58,grey 2056x1542
230315_59,grey 2056x1542
230315_60,grey 2056x1542
230315_61,grey 2056x1542
230315_62,grey 2056x1542
230315_63,grey 2056x1542
230315_64,grey 2056x1542
230315_65,grey 2056x1542
230315_66,grey 2056x1542
230315_67,grey 2056x1542
230315_68,grey 2056x1542
230315_69,grey 2056x1542
230315_70,grey 2056x1542
230315_71,grey 2056x1542
230315_72,grey 2056x1542
230315_73,grey 2056x1542
230315_74,grey 2056x1542
230315_75,grey 2056x1542
230315_76,grey 2056x1542
230315_77,grey 2056x1542
230315_78,grey 2056x1542
230315_79,grey 2056x1542
230315_80,grey 2056x1542
230315_81,grey 2056x1542
230315_82,grey 2056x1542
230315_83,grey 2056x1542
230315_84,grey 2056x1542
230315_85,grey 2056x1542
230315_86,grey 2056x1542
230315_87,grey 2056x1542
230315_88,grey 2056x1542
230315_89,grey 2056x1542
230315_90,grey 2056x1542
230315_91,grey 2056x1542
230315_92,grey 2056x1542
230315_93,grey 2056x1542
230315_94,grey 2056x1542
230316_1,colour 2048x1536
230316_2,colour 2048x1536
230316_3,colour 2048x1536
230316_4,colour 2048x1536
230316_5,colour 2048x1536
230316_6,colour 2048x1536
230316_7,colour 2048x1536
230316_8,colour 2048x1536
230316_9,colour 2048x1536
230316_10,colour 2048x1536
230316_11,colour 2048x1536
230316_12,colour 2048x1536
230316_13,colour 2048x1536
230316_14,colour 2048x1536
230316_15,colour 2048x1536
230316_16,colour 2048x1536
230316_17,colour 2048x1536
230316_18,colour 2048x1536
230316_19,colour 2048x1536
230316_20,colour 2048x1536
230316_21,colour 2048x1536
230316_22,colour 2048x1536
230316_23,colour 2048x1536
230316_24,colour 2048x1536
230316_25,colour 2048x1536
230316_26,colour 2048x1536
230316_27,colour 2048x1536
230316_28,colour 2048x1536
230316_29,colour 2048x1536
230316_30,colour 2048x1536
230316_31,colour 2048x1536
230316_32,colour 2048x1536
230316_33,colour 2048x1536
230316_34,colour 2048x1536
230316_35,colour 2048x1536
230316_36,colour 2048x1536
230316_37,colour 2048x1536
230316_38,colour 2048x1536
230316_39,colour 2048x1536
230316_40,colour 2048x1536
230316_41,colour 2048x1536
230316_42,colour 2048x1536
230316_43,colour 2048x1536
230316_44,colour 2048x1536
230317_1,grey 2056x1542
230317_2,grey 2056x1542
230317_3,grey 2056x1542
230317_4,grey 2056x1542
230317_5,grey 2056x1542
230317_6,grey 2056x1542
230317_7,grey 2056x1542
230317_8,grey 2056x1542
230317_9,grey 2056x1542
230317_10,grey 2056x1542
230317_11,grey 2056x1542
230317_12,grey 2056x1542
230317_13,grey 2056x1542
230317_14,grey 2056x1542
230317_15,grey 2056x1542
230317_16,grey 2056x1542
230317_17,grey 2056x1542
230317_18,grey 2056x1542
230317_19,grey 2056x1542
230317_20,grey 2056x1542
230317_21,grey 2056x1542
230317_22,grey 2056x1542
230317_23,grey 2056x1542
230317_24,grey 2056x1542
230317_25,grey 2056x1542
230317_26,grey 2056x1542
230317_27,grey 2056x1542
230317_28,grey 2056x1542
230317_29,grey 2056x1542
230317_30,grey 2056x1542
230317_31,grey 2056x1542
230317_32,grey 2056x1542
230317_33,grey 2056x1542
230317_34,grey 2056x1542
230317_35,grey 2056x1542
230317_36,grey 2056x1542
230317_37,grey 2056x1542
230317_38,grey 2056x1542
230317_39,grey 2056x1542
230317_40,grey 2056x1542
230317_41,grey 2056x1542
230317_42,grey 2056x1542
230317_43,grey 2056x1542
230317_44,grey 2056x1542
230317_45,grey 2056x1542
230317_46,grey 2056x1542
230317_47,grey 2056x1542
230317_48,grey 2056x1542
230317_49,grey 2056x1542
230317_50,grey 2056x1542
230317_51,grey 2056x1542
230317_52,grey 2056x1542
230317_53,grey 2056x1542
230317_54,grey 2056x1542
230317_55,grey 2056x1542
230317_56,grey 2056x1542
230317_57,grey 2056x1542
230317_58,grey 2056x1542
230317_59,grey 2056x1542
230317_60,grey 2056x1542
230317_61,grey 2056x1542
230317_62,grey 2056x1542
230317_63,grey 2056x1542
230317_64,grey 2056x1542
230317_65,grey 2056x1542
230317_66,grey 2056x1542
230317_67,grey 2056x1542
230317_68,grey 2056x1542
230317_69,grey 2056x1542
230317_70,grey 2056x1542
230317_71,grey 2056x1542
230317_72,grey 2056x1542
230317_73,grey 2056x1542
230317_74,grey 2056x1542
230317_75,grey 2056x1542
230317_76,grey 2056x1542
230317_77,grey 2056x1542
230317_78,grey 2056x1542
230317_79,grey 2056x1542
230317_80,grey 2056x1542
230317_81,grey 2056x1542
230317_82,grey 2056x1542
230317_83,grey 2056x1542
230317_84,grey 2056x1542
230317_85,grey 2056x1542
230317_86,grey 2056x1542
230317_87,grey 2056x1542
230317_88,grey 2056x1542
230317_89,grey 2056x1542
230317_90,grey 2056x1542
230317_91,grey 2056x1542
230317_92,grey 2056x1542
230317_93,grey 2056x1542
230317_94,grey 2056x1542
230317_95,grey 2056x1542
230317_96,grey 2056x1542
230317_97,grey 2056x1542
230317_98,grey 2056x1542
230317_99,grey 2056x1542
230317_100,grey 2056x1542
230320_1,grey 2056x1542
230320_2,grey 2056x1542
230320_3,grey 2056x1542
230320_4,grey 2056x1542
230320_5,grey 2056x1542
230320_6,grey 2056x1542
230320_7,grey 2056x1542
230320_8,grey 2056x1542
230320_9,grey 2056x1542
230320_10,grey 2056x1542
230320_11,grey 2056x1542
230320_12,grey 2056x1542
230320_13,grey 2056x1542
230320_14,grey 2056x1542
230320_15,grey 2056x1542
230320_16,grey 2056x1542
230320_17,grey 2056x1542
230320_18,grey 2056x1542
230320_19,grey 2056x1542
230320_20,grey 2056x1542
230320_21,grey 2056x1542
230320_22,grey 2056x1542
230320_23,grey 2056x1542
230320_24,grey 2056x1542
230320_25,grey 2056x1542
230320_26,grey 2056x1542
230320_27,grey 2056x1542
230320_28,grey 2056x1542
230320_29,grey 2056x1542
230320_30,grey 2056x1542
230320_31,grey 2056x1542
230320_32,grey 2056x1542
230320_33,grey 2056x1542
230320_34,grey 2056x1542
230320_35,grey 2056x1542
230320_36,grey 2056x1542
230320_37,grey 2056x1542
230320_38,grey 2056x1542
230320_39,grey 2056x1542
230320_40,grey 2056x1542
230320_41,grey 2056x1542
230320_42,grey 2056x1542
230320_43,grey 2056x1542
230320_44,grey 2056x1542
230320_45,grey 2056x1542
230320_46,grey 2056x1542
230320_47,grey 2056x1542
230320_48,grey 2056x1542
230320_49,grey 2056x1542
230320_50,grey 2056x1542
230320_51,grey 2056x1542
230320_52,grey 2056x1542
230320_53,grey 2056x1542
230320_54,grey 2056x1542
230320_55,grey 2056x1542
230320_56,grey 2056x1542
230320_57,grey 2056x1542
230320_58,grey 2056x1542
230320_59,grey 2056x1542
230320_60,grey 2056x1542
230320_61,grey 2056x1542
230320_62,grey 2056x1542
230320_63,grey 2056x1542
230320_64,grey 2056x1542
230320_65,grey 2056x1542
230320_66,grey 2056x1542
230320_67,grey 2056x1542
230320_68,grey 2056x1542
230320_69,grey 2056x1542
230320_70,grey 2056x1542
230320_71,grey 2056x1542
230320_72,grey 2056x1542
230320_73,grey 2056x1542
230320_74,grey 2056x1542
230320_75,grey 2056x1542
230320_76,grey 2056x1542
230320_77,grey 2056x1542
230320_78,grey 2056x1542
230320_79,grey 2056x1542
230320_80,grey 2056x1542
230320_81,grey 2056x1542
230320_82,grey 2056x1542
230320_83,grey 2056x1542
230320_84,grey 2056x1542
230320_85,grey 2056x1542
230320_86,grey 2056x1542
230320_87,grey 2056x1542
230320_88,grey 2056x1542
230320_89,grey 2056x1542
230320_90,grey 2056x1542
230320_91,grey 2056x1542
230320_92,grey 2056x1542
230320_93,grey 2056x1542
230320_94,grey 2056x1542
230320_95,grey 2056x1542
230320_96,grey 2056x1542
230320_97,grey 2056x1542
230320_98,grey 2056x1542
230320_99,grey 2056x1542
230320_100,grey 2056x1542
230320_101,grey 2056x1542
230320_102,grey 2056x1542
230320_103,grey 2056x1542
230320_104,grey 2056x1542
230320_105,grey 2056x1542
230320_106,grey 2056x1542
230320_107,grey 2056x1542
230320_108,grey 2056x1542
230320_109,grey 2056x1542
230320_110,grey 2056x1542
230320_111,grey 2056x1542
230320_112,grey 2056x1542
230320_113,grey 2056x1542
230320_114,grey 2056x1542
230320_115,grey 2056x1542
230320_116,grey 2056x1542
230320_117,grey 2056x1542
230320_118,grey 2056x1542
230320_119,grey 2056x1542
230320_120,grey 2056x1542
230320_121,grey 2056x1542
230320_122,grey 2056x1542
230320_123,grey 2056x1542
230320_124,grey 2056x1542
230320_125,grey 2056x1542
230320_126,grey 2056x1542
230320_127,grey 2056x1542
230320_128,grey 2056x1542
230320_129,grey 2056x1542
230320_130,grey 2056x1542
230320_131,grey 2056x1542
230320_132,grey 2056x1542
230320_133,grey 2056x1542
230320_134,grey 2056x1542
230320_135,grey 2056x1542
230320_136,grey 2056x1542
230320_137,grey 2056x1542
230320_138,grey 2056x1542
230320_139,grey 2056x1542
230320_140,grey 2056x1542
230320_141,grey 2056x1542
230320_142,grey 2056x1542
230320_143,grey 2056x1542
230320_144,grey 2056x1542
230320_145,grey 2056x1542
230320_146,grey 2056x1542
230320_147,grey 2056x1542
230320_148,grey 2056x1542
230320_149,grey 2056x1542
230320_150,grey 2056x1542
230320_151,grey 2056x1542
230320_152,grey 2056x1542
230320_153,grey 2056x1542
230320_154,grey 2056x1542
230320_155,grey 2056x1542
230320_156,grey 2056x1542
230320_157,grey 2056x1542
230320_158,grey 2056x1542
230320_159,grey 2056x1542
230320_160,grey 2056x1542
230320_161,grey 2056x1542
230320_162,grey 2056x1542
230320_163,grey 2056x1542
230320_164,grey 2056x1542
230320_165,grey 2056x1542
230320_166,grey 2056x1542
230320_167,grey 2056x1542
230320_168,grey 2056x1542
230320_169,grey 2056x1542
230320_170,grey 2056x1542
230320_171,grey 2056x1542
230320_172,grey 2056x1542
230320_173,grey 2056x1542
230320_174,grey 2056x1542
230320_175,grey 2056x1542
230320_176,grey 2056x1542
230320_177,grey 2056x1542
230320_178,grey 2056x1542
230320_179,grey 2056x1542
230320_180,grey 2056x1542
230320_181,grey 2056x1542
230320_182,grey 2056x1542
230320_183,grey 2056x1542
230320_184,grey 2056x1542
230320_185,grey 2056x1542
230320_186,grey 2056x1542
230320_187,grey 2056x1542
230320_188,grey 2056x1542
230320_189,grey 2056x1542
230320_190,grey 2056x1542
230320_191,grey 2056x1542
230320_192,grey 2056x1542
230320_193,grey 2056x1542
230320_194,grey 2056x1542
230320_195,grey 2056x1542
230320_196,grey 2056x1542
230320_197,grey 2056x1542
230320_198,grey 2056x1542
230320_199,grey 2056x1542
230320_200,grey 2056x1542
230320_201,grey 2056x1542
230320_202,grey 2056x1542
230320_203,grey 2056x1542
230320_204,grey 2056x1542
230320_205,grey 2056x1542
230320_206,grey 2056x1542
230320_207,grey 2056x1542
230320_208,grey 2056x1542
230320_209,grey 2056x1542
230320_210,grey 2056x1542
230320_211,grey 2056x1542
230320_212,grey 2056x1542
230320_213,grey 2056x1542
230320_214,grey 2056x1542
230320_215,grey 2056x1542
230320_216,grey 2056x1542
230320_217,grey 2056x1542
230320_218,grey 2056x1542
230320_219,grey 2056x1542
230320_220,grey 2056x1542
230320_221,grey 2056x1542
230320_222,grey 2056x1542
230320_223,grey 2056x1542
230320_224,grey 2056x1542
230320_225,grey 2056x1542
230320_226,grey 2056x1542
230320_227,grey 2056x1542
230320_228,grey 2056x1542
230320_229,grey 2056x1542
230321_1,colour 2048x1536
230321_2,colour 2048x1536
230321_3,colour 2048x1536
230321_4,colour 2048x1536
230321_5,colour 2048x1536
230321_6,colour 2048x1536
230321_7,colour 2048x1536
230321_8,colour 2048x1536
230321_9,colour 2048x1536
230321_10,colour 2048x1536
230321_11,colour 2048x1536
230321_12,colour 2048x1536
230321_13,colour 2048x1536
230321_14,colour 2048x1536
230321_15,colour 2048x1536
230321_16,colour 2048x1536
230328_1,colour 2048x1536
230328_2,colour 2048x1536
230328_3,colour 2048x1536
230328_4,colour 2048x1536
230328_5,colour 2048x1536
230328_6,colour 2048x1536
230328_7,colour 2048x1536
230328_8,colour 2048x1536
230328_9,colour 2048x1536
230328_10,colour 2048x1536
230328_11,colour 2048x1536
230328_12,colour 2048x1536
230328_13,colour 2048x1536
230328_14,colour 2048x1536
230328_15,colour 2048x1536
230328_16,colour 2048x1536
230328_17,colour 2048x1536
230328_18,colour 2048x1536
230328_19,colour 2048x1536
230328_20,colour 2048x1536
230328_21,colour 2048x1536
230328_22,colour 2048x1536
230328_23,colour 2048x1536
230328_24,colour 2048x1536
230329_1,colour 2048x1536
230329_2,colour 2048x1536
230329_3,colour 2048x1536
230329_4,colour 2048x1536
230329_5,colour 2048x1536
230329_6,colour 2048x1536
230329_7,colour 2048x1536
230329_8,colour 2048x1536
230329_9,colour 2048x1536
230329_10,colour 2048x1536
230329_11,colour 2048x1536
230329_12,colour 2048x1536
230403_1,colour 2048x1536
230403_2,colour 2048x1536
230403_3,colour 2048x1536
230403_4,colour 2048x1536
230403_5,colour 2048x1536
230403_6,colour 2048x1536
230403_7,colour 2048x1536
230403_8,colour 2048x1536
230403_9,colour 2048x1536
230403_10,colour 2048x1536
230403_11,colour 2048x1536
230403_12,colour 2048x1536
230405_1,grey 2056x1542
230405_2,grey 2056x1542
230405_3,grey 2056x1542
230405_4,grey 2056x1542
230405_5,grey 2056x1542
230405_6,grey 2056x1542
230405_7,grey 2056x1542
230405_8,grey 2056x1542
230405_9,grey 2056x1542
230405_10,grey 2056x1542
230405_11,grey 2056x1542
230405_12,grey 2056x1542
230405_13,grey 2056x1542
230405_14,grey 2056x1542
230405_15,grey 2056x1542
230405_16,grey 2056x1542
230405_17,grey 2056x1542
230405_18,grey 2056x1542
230405_19,grey 2056x1542
230405_20,grey 2056x1542
230405_21,grey 2056x1542
230405_22,grey 2056x1542
230405_23,grey 2056x1542
230405_24,grey 2056x1542
230405_25,grey 2056x1542
230405_26,grey 2056x1542
230405_27,grey 2056x1542
230405_28,grey 2056x1542
230405_29,grey 2056x1542
230405_30,grey 2056x1542
230405_31,grey 2056x1542
230405_32,grey 2056x1542
230405_33,grey 2056x1542
230405_34,grey 2056x1542
230405_35,grey 2056x1542
230405_36,grey 2056x1542
230405_37,grey 2056x1542
230405_38,grey 2056x1542
230405_39,grey 2056x1542
230405_40,grey 2056x1542
230405_41,grey 2056x1542
230405_42,grey 2056x1542
230405_43,grey 2056x1542
230405_44,grey 2056x1542
230405_45,grey 2056x1542
230405_46,grey 2056x1542
230405_47,grey 2056x1542
230405_48,grey 2056x1542
230405_49,grey 2056x1542
230405_50,grey 2056x1542
230405_51,grey 2056x1542
230405_52,grey 2056x1542
230405_53,grey 2056x1542
230405_54,grey 2056x1542
230405_55,grey 2056x1542
230405_56,grey 2056x1542
230405_57,grey 2056x1542
230405_58,grey 2056x1542
230405_59,grey 2056x1542
230405_60,grey 2056x1542
230405_61,grey 2056x1542
230405_62,grey 2056x1542
230405_63,grey 2056x1542
230405_64,grey 2056x1542
230405_65,grey 2056x1542
230405_66,grey 2056x1542
230405_67,grey 2056x1542
230405_68,grey 2056x1542
230405_69,grey 2056x1542
230405_70,grey 2056x1542
230405_71,grey 2056x1542
230405_72,grey 2056x1542
230405_73,grey 2056x1542
230405_74,grey 2056x1542
230405_75,grey 2056x1542
230405_76,grey 2056x1542
230405_77,grey 2056x1542
230405_78,grey 2056x1542
230405_79,grey 2056x1542
230405_80,grey 2056x1542
230405_81,grey 2056x1542
230405_82,grey 2056x1542
230405_83,grey 2056x1542
230405_84,grey 2056x1542
230405_85,grey 2056x1542
230405_86,grey 2056x1542
230405_87,grey 2056x1542
230405_88,grey 2056x1542
230405_89,grey 2056x1542
230405_90,grey 2056x1542
230405_91,grey 2056x1542
230405_92,grey 2056x1542
230405_93,grey 2056x1542
230405_94,grey 2056x1542
230405_95,grey 2056x1542
230405_96,grey 2056x1542
230405_97,grey 2056x1542
230405_98,grey 2056x1542
230405_99,grey 2056x1542
230405_100,grey 2056x1542
230405_101,grey 2056x1542
230405_102,grey 2056x1542
230405_103,grey 2056x1542
230405_104,grey 2056x1542
230405_105,grey 2056x1542
230405_106,grey 2056x1542
230405_107,grey 2056x1542
230405_108,grey 2056x1542
230405_109,grey 2056x1542
230405_110,grey 2056x1542
230405_111,grey 2056x1542
230405_112,grey 2056x1542
230405_113,grey 2056x1542
230405_114,grey 2056x1542
230405_115,grey 2056x1542
230405_116,grey 2056x1542
230405_117,grey 2056x1542
230405_118,grey 2056x1542
230405_119,grey 2056x1542
230405_120,grey 2056x1542
230405_121,grey 2056x1542
230405_122,grey 2056x1542
230405_123,grey 2056x1542
230405_124,grey 2056x1542
230405_125,grey 2056x1542
230405_126,grey 2056x1542
230405_127,grey 2056x1542
230405_128,grey 2056x1542
230405_129,grey 2056x1542
230405_130,grey 2056x1542
230405_131,grey 2056x1542
230405_132,grey 2056x1542
230405_133,grey 2056x1542
230405_134,grey 2056x1542
230405_135,grey 2056x1542
230405_136,grey 2056x1542
230405_137,grey 2056x1542
230405_138,grey 2056x1542
230411_1,grey 2056x1542
230411_2,grey 2056x1542
230411_3,grey 2056x1542
230411_4,grey 2056x1542
230411_5,grey 2056x1542
230411_6,grey 2056x1542
230411_7,grey 2056x1542
230411_8,grey 2056x1542
230411_9,grey 2056x1542
230411_10,grey 2056x1542
230411_11,grey 2056x1542
230411_12,grey 2056x1542
230411_13,grey 2056x1542
230411_14,grey 2056x1542
230411_15,grey 2056x1542
230411_16,grey 2056x1542
230411_17,grey 2056x1542
230411_18,grey 2056x1542
230411_19,grey 2056x1542
230411_20,grey 2056x1542
230411_21,grey 2056x1542
230411_22,grey 2056x1542
230411_23,grey 2056x1542
230411_24,grey 2056x1542
230411_25,grey 2056x1542
230411_26,grey 2056x1542
230411_27,grey 2056x1542
230411_28,grey 2056x1542
230411_29,grey 2056x1542
230411_30,grey 2056x1542
230411_31,grey 2056x1542
230411_32,grey 2056x1542
230411_33,grey 2056x1542
230411_34,grey 2056x1542
230411_35,grey 2056x1542
230411_36,grey 2056x1542
230411_37,grey 2056x1542
230411_38,grey 2056x1542
230411_39,grey 2056x1542
230411_40,grey 2056x1542
230411_41,grey 2056x1542
230411_42,grey 2056x1542
230411_43,grey 2056x1542
230411_44,grey 2056x1542
230411_45,grey 2056x1542
230411_46,grey 2056x1542
230411_47,grey 2056x1542
230411_48,grey 2056x1542
230411_49,grey 2056x1542
230411_50,grey 2056x1542
230411_51,grey 2056x1542
230411_52,grey 2056x1542
230411_53,grey 2056x1542
230411_54,grey 2056x1542
230411_55,grey 2056x1542
230411_56,grey 2056x1542
230411_57,grey 2056x1542
230411_58,grey 2056x1542
230411_59,grey 2056x1542
230411_60,grey 2056x1542
230411_61,grey 2056x1542
230411_62,grey 2056x1542
230411_63,grey 2056x1542
230411_64,grey 2056x1542
230411_65,grey 2056x1542
230411_66,grey 2056x1542
230411_67,grey 2056x1542
230411_68,grey 2056x1542
230411_69,grey 2056x1542
230411_70,grey 2056x1542
230411_71,grey 2056x1542
230411_72,grey 2056x1542
230411_73,grey 2056x1542
230411_74,grey 2056x1542
230411_75,grey 2056x1542
230411_76,grey 2056x1542
230411_77,grey 2056x1542
230411_78,grey 2056x1542
230411_79,grey 2056x1542
230419_1,grey 2056x1542
230419_2,grey 2056x1542
230419_3,grey 2056x1542
230419_4,grey 2056x1542
230419_5,grey 2056x1542
230419_6,grey 2056x1542
230419_7,grey 2056x1542
230419_8,grey 2056x1542
230419_9,grey 2056x1542
230419_10,grey 2056x1542
230419_11,grey 2056x1542
230419_12,grey 2056x1542
230419_13,grey 2056x1542
230419_14,grey 2056x1542
230419_15,grey 2056x1542
230419_16,grey 2056x1542
230419_17,grey 2056x1542
230419_18,grey 2056x1542
230419_19,grey 2056x1542
230419_20,grey 2056x1542
230419_21,grey 2056x1542
230419_22,grey 2056x1542
230419_23,grey 2056x1542
230419_24,grey 2056x1542
230419_25,grey 2056x1542
230419_26,grey 2056x1542
230419_27,grey 2056x1542
230419_28,grey 2056x1542
230419_29,grey 2056x1542
230419_30,grey 2056x1542
230419_31,grey 2056x1542
230419_32,grey 2056x1542
230419_33,grey 2056x1542
230419_34,grey 2056x1542
230419_35,grey 2056x1542
230419_36,grey 2056x1542
230419_37,grey 2056x1542
230419_38,grey 2056x1542
230419_39,grey 2056x1542
230419_40,grey 2056x1542
230419_41,grey 2056x1542
230419_42,grey 2056x1542
230419_43,grey 2056x1542
230419_44,grey 2056x1542
230419_45,grey 2056x1542
230419_46,grey 2056x1542
230419_47,grey 2056x1542
230419_48,grey 2056x1542
230419_49,grey 2056x1542
230419_50,grey 2056x1542
230419_51,grey 2056x1542
230419_52,grey 2056x1542
230419_53,grey 2056x1542
230419_54,grey 2056x1542
230419_55,grey 2056x1542
230419_56,grey 2056x1542
230419_57,grey 2056x1542
230419_58,grey 2056x1542
230419_59,grey 2056x1542
230419_60,grey 2056x1542
230419_61,grey 2056x1542
230419_62,grey 2056x1542
230419_63,grey 2056x1542
230419_64,grey 2056x1542
230419_65,grey 2056x1542
230419_66,grey 2056x1542
230419_67,grey 2056x1542
230419_68,grey 2056x1542
230419_69,grey 2056x1542
230419_70,grey 2056x1542
230419_71,grey 2056x1542
230419_72,grey 2056x1542
230419_73,grey 2056x1542
230419_74,grey 2056x1542
230419_75,grey 2056x1542
230419_76,grey 2056x1542
230419_77,grey 2056x1542
230419_78,grey 2056x1542
230419_79,grey 2056x1542
230419_80,grey 2056x1542
230419_81,grey 2056x1542
230419_82,grey 2056x1542
230419_83,grey 2056x1542
230419_84,grey 2056x1542
230419_85,grey 2056x1542
230419_86,grey 2056x1542
230419_87,grey 2056x1542
230419_88,grey 2056x1542
230419_89,grey 2056x1542
230419_90,grey 2056x1542
230419_91,grey 2056x1542
230419_92,grey 2056x1542
230419_93,grey 2056x1542
230419_94,grey 2056x1542
230419_95,grey 2056x1542
230419_96,grey 2056x1542
230419_97,grey 2056x1542
230419_98,grey 2056x1542
230419_99,grey 2056x1542
230419_100,grey 2056x1542
230419_101,grey 2056x1542
230419_102,grey 2056x1542
230419_103,grey 2056x1542
230419_104,grey 2056x1542
230419_105,grey 2056x1542
230419_106,grey 2056x1542
230419_107,grey 2056x1542
230419_108,grey 2056x1542
230419_109,grey 2056x1542
230419_110,grey 2056x1542
230419_111,grey 2056x1542
230419_112,grey 2056x1542
230419_113,grey 2056x1542
230419_114,grey 2056x1542
230419_115,grey 2056x1542
230419_116,grey 2056x1542
230419_117,grey 2056x1542
230419_118,grey 2056x1542
230419_119,grey 2056x1542
230419_120,grey 2056x1542
230419_121,grey 2056x1542
230419_122,grey 2056x1542
230419_123,grey 2056x1542
230419_124,grey 2056x1542
230424_1,grey 2056x1542
230424_2,grey 2056x1542
230424_3,grey 2056x1542
230424_4,grey 2056x1542
230424_5,grey 2056x1542
230424_6,grey 2056x1542
230424_7,grey 2056x1542
230424_8,grey 2056x1542
230424_9,grey 2056x1542
230424_10,grey 2056x1542
230424_11,grey 2056x1542
230424_12,grey 2056x1542
230424_13,grey 2056x1542
230424_14,grey 2056x1542
230424_15,grey 2056x1542
230424_16,grey 2056x1542
230424_17,grey 2056x1542
230424_18,grey 2056x1542
230424_19,grey 2056x1542
230424_20,grey 2056x1542
230424_21,grey 2056x1542
230424_22,grey 2056x1542
230424_23,grey 2056x1542
230424_24,grey 2056x1542
230424_25,grey 2056x1542
230424_26,grey 2056x1542
230424_27,grey 2056x1542
230424_28,grey 2056x1542
230424_29,grey 2056x1542
230424_30,grey 2056x1542
230424_31,grey 2056x1542
230424_32,grey 2056x1542
230424_33,grey 2056x1542
230424_34,grey 2056x1542
230424_35,grey 2056x1542
230424_36,grey 2056x1542
230424_37,grey 2056x1542
230424_38,grey 2056x1542
230424_39,grey 2056x1542
230424_40,grey 2056x1542
230424_41,grey 2056x1542
230424_42,grey 2056x1542
230424_43,grey 2056x1542
230424_44,grey 2056x1542
230424_45,grey 2056x1542
230424_46,grey 2056x1542
230424_47,grey 2056x1542
230424_48,grey 2056x1542
230424_49,grey 2056x1542
230424_50,grey 2056x1542
230424_51,grey 2056x1542
230424_52,grey 2056x1542
230424_53,grey 2056x1542
230424_54,grey 2056x1542
230424_55,grey 2056x1542
230424_56,grey 2056x1542
230424_57,grey 2056x1542
230424_58,grey 2056x1542
230424_59,grey 2056x1542
230424_60,grey 2056x1542
230424_61,grey 2056x1542
230424_62,grey 2056x1542
230424_63,grey 2056x1542
230424_64,grey 2056x1542
230424_65,grey 2056x1542
230424_66,grey 2056x1542
230424_67,grey 2056x1542
230424_68,grey 2056x1542
230424_69,grey 2056x1542
230424_70,grey 2056x1542
230424_71,grey 2056x1542
230424_72,grey 2056x1542
230424_73,grey 2056x1542
230424_74,grey 2056x1542
230424_75,grey 2056x1542
230424_76,grey 2056x1542
230424_77,grey 2056x1542
230424_78,grey 2056x1542
230424_79,grey 2056x1542
230424_80,grey 2056x1542
230424_81,grey 2056x1542
230424_82,grey 2056x1542
230424_83,grey 2056x1542
230424_84,grey 2056x1542
230424_85,grey 2056x1542
230424_86,grey 2056x1542
230424_87,grey 2056x1542
230424_88,grey 2056x1542
230424_89,grey 2056x1542
230424_90,grey 2056x1542
230424_91,grey 2056x1542
230424_92,grey 2056x1542
230424_93,grey 2056x1542
230424_94,grey 2056x1542
230424_95,grey 2056x1542
230424_96,grey 2056x1542
230424_97,grey 2056x1542
230424_98,grey 2056x1542
230424_99,grey 2056x1542
230424_100,grey 2056x1542
230424_101,grey 2056x1542
230424_102,grey 2056x1542
230424_103,grey 2056x1542
230424_104,grey 2056x1542
230424_105,grey 2056x1542
230424_106,grey 2056x1542
230424_107,grey 2056x1542
230424_108,grey 2056x1542
230425_1,grey 2056x1542
230425_2,grey 2056x1542
230425_3,grey 2056x1542
230425_4,grey 2056x1542
230425_5,grey 2056x1542
230425_6,grey 2056x1542
230425_7,grey 2056x1542
230425_8,grey 2056x1542
230425_9,grey 2056x1542
230425_10,grey 2056x1542
230425_11,grey 2056x1542
230425_12,grey 2056x1542
230425_13,grey 2056x1542
230425_14,grey 2056x1542
230425_15,grey 2056x1542
230425_16,grey 2056x1542
230425_17,grey 2056x1542
230425_18,grey 2056x1542
230425_19,grey 2056x1542
230425_20,grey 2056x1542
230425_21,grey 2056x1542
230425_22,grey 2056x1542
230425_23,grey 2056x1542
230425_24,grey 2056x1542
230425_25,grey 2056x1542
230425_26,grey 2056x1542
230425_27,grey 2056x1542
230425_28,grey 2056x1542
230425_29,grey 2056x1542
230425_30,grey 2056x1542
230425_31,grey 2056x1542
230425_32,grey 2056x1542
230425_33,grey 2056x1542
230425_34,grey 2056x1542
230425_35,grey 2056x1542
230425_36,grey 2056x1542
230425_37,grey 2056x1542
230425_38,grey 2056x1542
230425_39,grey 2056x1542
230425_40,grey 2056x1542
230425_41,grey 2056x1542
230425_42,grey 2056x1542
230425_43,grey 2056x1542
230425_44,grey 2056x1542
230425_45,grey 2056x1542
230425_46,grey 2056x1542
230425_47,grey 2056x1542
230425_48,grey 2056x1542
230425_49,grey 2056x1542
230425_50,grey 2056x1542
230425_51,grey 2056x1542
230425_52,grey 2056x1542
230425_53,grey 2056x1542
230425_54,grey 2056x1542
230425_55,grey 2056x1542
230425_56,grey 2056x1542
230425_57,grey 2056x1542
230425_58,grey 2056x1542
230425_59,grey 2056x1542
230425_60,grey 2056x1542
230425_61,grey 2056x1542
230425_62,grey 2056x1542
230425_63,grey 2056x1542
230425_64,grey 2056x1542
230425_65,grey 2056x1542
230425_66,grey 2056x1542
230425_67,grey 2056x1542
230425_68,grey 2056x1542
230425_69,grey 2056x1542
230425_70,grey 2056x1542
230425_71,grey 2056x1542
230425_72,grey 2056x1542
230425_73,grey 2056x1542
230425_74,grey 2056x1542
230425_75,grey 2056x1542
230425_76,grey 2056x1542
230425_77,grey 2056x1542
230425_78,grey 2056x1542
230425_79,grey 2056x1542
230425_80,grey 2056x1542
230425_81,grey 2056x1542
230425_82,grey 2056x1542
230425_83,grey 2056x1542
230425_84,grey 2056x1542
230425_85,grey 2056x1542
230425_86,grey 2056x1542
230425_87,grey 2056x1542
230425_88,grey 2056x1542
230425_89,grey 2056x1542
230425_90,grey 2056x1542
230425_91,grey 2056x1542
230425_92,grey 2056x1542
230425_93,grey 2056x1542
230425_94,grey 2056x1542
230425_95,grey 2056x1542
230425_96,grey 2056x1542
230425_97,grey 2056x1542
230425_98,grey 2056x1542
230425_99,grey 2056x1542
230425_100,grey 2056x1542
230425_101,grey 2056x1542
230425_102,grey 2056x1542
230425_103,grey 2056x1542
230425_104,grey 2056x1542
230425_105,grey 2056x1542
230425_106,grey 2056x1542
230425_107,grey 2056x1542
230425_108,grey 2056x1542
230425_109,grey 2056x1542
230425_110,grey 2056x1542
230425_111,grey 2056x1542
230425_112,grey 2056x1542
230425_113,grey 2056x1542
230425_114,grey 2056x1542
230425_115,grey 2056x1542
230425_116,grey 2056x1542
230425_117,grey 2056x1542
230425_118,grey 2056x1542
230425_119,grey 2056x1542
230425_120,grey 2056x1542
230425_121,grey 2056x1542
230425_122,grey 2056x1542
230425_123,grey 2056x1542
230425_124,grey 2056x1542
230425_125,grey 2056x1542
230425_126,grey 2056x1542
230425_127,grey 2056x1542
230425_128,grey 2056x1542
230425_129,grey 2056x1542
230425_130,grey 2056x1542
230425_131,grey 2056x1542
230425_132,grey 2056x1542
230425_133,grey 2056x1542
230425_134,grey 2056x1542
230425_135,grey 2056x1542
230425_136,grey 2056x1542
230425_137,grey 2056x1542
230425_138,grey 2056x1542
230425_139,grey 2056x1542
230425_140,grey 2056x1542
230425_141,grey 2056x1542
230425_142,grey 2056x1542
230425_143,grey 2056x1542
230425_144,grey 2056x1542
230425_145,grey 2056x1542
230425_146,grey 2056x1542
230425_147,grey 2056x1542
230425_148,grey 2056x1542
230425_149,grey 2056x1542
230425_150,grey 2056x1542
230425_151,grey 2056x1542
230425_152,grey 2056x1542
230425_153,grey 2056x1542
230425_154,grey 2056x1542
230425_155,grey 2056x1542
230425_156,grey 2056x1542
230425_157,grey 2056x1542
230425_158,grey 2056x1542
230425_159,grey 2056x1542
230425_160,grey 2056x1542
230425_161,grey 2056x1542
230425_162,grey 2056x1542
230425_163,grey 2056x1542
230425_164,grey 2056x1542
230425_165,grey 2056x1542
230425_166,grey 2056x1542
230425_167,grey 2056x1542
230425_168,grey 2056x1542
230425_169,grey 2056x1542
230425_170,grey 2056x1542
230425_171,grey 2056x1542
230425_172,grey 2056x1542
230425_173,grey 2056x1542
230425_174,grey 2056x1542
230425_175,grey 2056x1542
230425_176,grey 2056x1542
230425_177,grey 2056x1542
230425_178,grey 2056x1542
230425_179,grey 2056x1542
230425_180,grey 2056x1542
230425_181,grey 2056x1542
230425_182,grey 2056x1542
230425_183,grey 2056x1542
230425_184,grey 2056x1542
230425_185,grey 2056x1542
230425_186,grey 2056x1542
230425_187,grey 2056x1542
230425_188,grey 2056x1542
230425_189,grey 2056x1542
230425_190,grey 2056x1542
230425_191,grey 2056x1542
230425_192,grey 2056x1542
230425_193,grey 2056x1542
230425_194,grey 2056x1542
230425_195,grey 2056x1542
230425_196,grey 2056x1542
230425_197,grey 2056x1542
230425_198,grey 2056x1542
230425_199,grey 2056x1542
230425_200,grey 2056x1542
230425_201,grey 2056x1542
230425_202,grey 2056x1542
230425_203,grey 2056x1542
230425_204,grey 2056x1542
230425_205,grey 2056x1542
230425_206,grey 2056x1542
230425_207,grey 2056x1542
230425_208,grey 2056x1542
230425_209,grey 2056x1542
230425_210,grey 2056x1542
230425_211,grey 2056x1542
230425_212,grey 2056x1542
230425_213,grey 2056x1542
230425_214,grey 2056x1542
230425_215,grey 2056x1542
230510_1,grey 2056x1542
230510_2,grey 2056x1542
230510_3,grey 2056x1542
230510_4,grey 2056x1542
230510_5,grey 2056x1542
230510_6,grey 2056x1542
230510_7,grey 2056x1542
230510_8,grey 2056x1542
230510_9,grey 2056x1542
230510_10,grey 2056x1542
230510_11,grey 2056x1542
230510_12,grey 2056x1542
230510_13,grey 2056x1542
230510_14,grey 2056x1542
230510_15,grey 2056x1542
230510_16,grey 2056x1542
230510_17,grey 2056x1542
230510_18,grey 2056x1542
230510_19,grey 2056x1542
230510_20,grey 2056x1542
230510_21,grey 2056x1542
230510_22,grey 2056x1542
230510_23,grey 2056x1542
230510_24,grey 2056x1542
230510_25,grey 2056x1542
230510_26,grey 2056x1542
230510_27,grey 2056x1542
230510_28,grey 2056x1542
230510_29,grey 2056x1542
230510_30,grey 2056x1542
230510_31,grey 2056x1542
230510_32,grey 2056x1542
230510_33,grey 2056x1542
230510_34,grey 2056x1542
230510_35,grey 2056x1542
230510_36,grey 2056x1542
230510_37,grey 2056x1542
230510_38,grey 2056x1542
230510_39,grey 2056x1542
230510_40,grey 2056x1542
230510_41,grey 2056x1542
230510_42,grey 2056x1542
230510_43,grey 2056x1542
230510_44,grey 2056x1542
230510_45,grey 2056x1542
230510_46,grey 2056x1542
230510_47,grey 2056x1542
230510_48,grey 2056x1542
230510_49,grey 2056x1542
230510_50,grey 2056x1542
230510_51,grey 2056x1542
230510_52,grey 2056x1542
230510_53,grey 2056x1542
230510_54,grey 2056x1542
230510_55,grey 2056x1542
230510_56,grey 2056x1542
230510_57,grey 2056x1542
230510_58,grey 2056x1542
230510_59,grey 2056x1542
230510_60,grey 2056x1542
230510_61,grey 2056x1542
230510_62,grey 2056x1542
230510_63,grey 2056x1542
230510_64,grey 2056x1542
230510_65,grey 2056x1542
230510_66,grey 2056x1542
230510_67,grey 2056x1542
230510_68,grey 2056x1542
230510_69,grey 2056x1542
230510_70,grey 2056x1542
230510_71,grey 2056x1542
230510_72,grey 2056x1542
230510_73,grey 2056x1542
230510_74,grey 2056x1542
230510_75,grey 2056x1542
230510_76,grey 2056x1542
230510_77,grey 2056x1542
230510_78,grey 2056x1542
230510_79,grey 2056x1542
230510_80,grey 2056x1542
230510_81,grey 2056x1542
230510_82,grey 2056x1542
230510_83,grey 2056x1542
230510_84,grey 2056x1542
230510_85,grey 2056x1542
230510_86,grey 2056x1542
230510_87,grey 2056x1542
230510_88,grey 2056x1542
230510_89,grey 2056x1542
230510_90,grey 2056x1542
230510_91,grey 2056x1542
230510_92,grey 2056x1542
230510_93,grey 2056x1542
230510_94,grey 2056x1542
230512_1,grey 2056x1542
230512_2,grey 2056x1542
230512_3,grey 2056x1542
230512_4,grey 2056x1542
230512_5,grey 2056x1542
230512_6,grey 2056x1542
230512_7,grey 2056x1542
230512_8,grey 2056x1542
230512_9,grey 2056x1542
230512_10,grey 2056x1542
230512_11,grey 2056x1542
230512_12,grey 2056x1542
230512_13,grey 2056x1542
230512_14,grey 2056x1542
230512_15,grey 2056x1542
230512_16,grey 2056x1542
230512_17,grey 2056x1542
230512_18,grey 2056x1542
230512_19,grey 2056x1542
230512_20,grey 2056x1542
230512_21,grey 2056x1542
230512_22,grey 2056x1542
230512_23,grey 2056x1542
230512_24,grey 2056x1542
230512_25,grey 2056x1542
230512_26,grey 2056x1542
230512_27,grey 2056x1542
230512_28,grey 2056x1542
230512_29,grey 2056x1542
230512_30,grey 2056x1542
230512_31,grey 2056x1542
230512_32,grey 2056x1542
230512_33,grey 2056x1542
230512_34,grey 2056x1542
230512_35,grey 2056x1542
230512_36,grey 2056x1542
230512_37,grey 2056x1542
230512_38,grey 2056x1542
230512_39,grey 2056x1542
230512_40,grey 2056x1542
230512_41,grey 2056x1542
230512_42,grey 2056x1542
230512_43,grey 2056x1542
230512_44,grey 2056x1542
230512_45,grey 2056x1542
230512_46,grey 2056x1542
230512_47,grey 2056x1542
230512_48,grey 2056x1542
230512_49,grey 2056x1542
230512_50,grey 2056x1542
230512_51,grey 2056x1542
230512_52,grey 2056x1542
230512_53,grey 2056x1542
230512_54,grey 2056x1542
230512_55,grey 2056x1542
230512_56,grey 2056x1542
230512_57,grey 2056x1542
230512_58,grey 2056x1542
230512_59,grey 2056x1542
230512_60,grey 2056x1542
230512_61,grey 2056x1542
230512_62,grey 2056x1542
230512_63,grey 2056x1542
230512_64,grey 2056x1542
230512_65,grey 2056x1542
230512_66,grey 2056x1542
230512_67,grey 2056x1542
230512_68,grey 2056x1542
230512_69,grey 2056x1542
230512_70,grey 2056x1542
230512_71,grey 2056x1542
230512_72,grey 2056x1542
230512_73,grey 2056x1542
230512_74,grey 2056x1542
230512_75,grey 2056x1542
230512_76,grey 2056x1542
230512_77,grey 2056x1542
230512_78,grey 2056x1542
230512_79,grey 2056x1542
230512_80,grey 2056x1542
230512_81,grey 2056x1542
230512_82,grey 2056x1542
230512_83,grey 2056x1542
230512_84,grey 2056x1542
230512_85,grey 2056x1542
230512_86,grey 2056x1542
230512_87,grey 2056x1542
230512_88,grey 2056x1542
230512_89,grey 2056x1542
230517_1,grey 2056x1542
230517_2,grey 2056x1542
230517_3,grey 2056x1542
230517_4,grey 2056x1542
230517_5,grey 2056x1542
230517_6,grey 2056x1542
230517_7,grey 2056x1542
230517_8,grey 2056x1542
230517_9,grey 2056x1542
230517_10,grey 2056x1542
230517_11,grey 2056x1542
230517_12,grey 2056x1542
230517_13,grey 2056x1542
230517_14,grey 2056x1542
230517_15,grey 2056x1542
230517_16,grey 2056x1542
230517_17,grey 2056x1542
230517_18,grey 2056x1542
230517_19,grey 2056x1542
230517_20,grey 2056x1542
230517_21,grey 2056x1542
230517_22,grey 2056x1542
230517_23,grey 2056x1542
230517_24,grey 2056x1542
230517_25,grey 2056x1542
230517_26,grey 2056x1542
230517_27,grey 2056x1542
230517_28,grey 2056x1542
230517_29,grey 2056x1542
230517_30,grey 2056x1542
230517_31,grey 2056x1542
230517_32,grey 2056x1542
230517_33,grey 2056x1542
230517_34,grey 2056x1542
230517_35,grey 2056x1542
230517_36,grey 2056x1542
230517_37,grey 2056x1542
230517_38,grey 2056x1542
230517_39,grey 2056x1542
230517_40,grey 2056x1542
230517_41,grey 2056x1542
230517_42,grey 2056x1542
230517_43,grey 2056x1542
230517_44,grey 2056x1542
230517_45,grey 2056x1542
230517_46,grey 2056x1542
230517_47,grey 2056x1542
230517_48,grey 2056x1542
230517_49,grey 2056x1542
230517_50,grey 2056x1542
230517_51,grey 2056x1542
230517_52,grey 2056x1542
230517_53,grey 2056x1542
230517_54,grey 2056x1542
230517_55,grey 2056x1542
230517_56,grey 2056x1542
230517_57,grey 2056x1542
230517_58,grey 2056x1542
230517_59,grey 2056x1542
230517_60,grey 2056x1542
230517_61,grey 2056x1542
230517_62,grey 2056x1542
230517_63,grey 2056x1542
230517_64,grey 2056x1542
230517_65,grey 2056x1542
230517_66,grey 2056x1542
230517_67,grey 2056x1542
230517_68,grey 2056x1542
230517_69,grey 2056x1542
230517_70,grey 2056x1542
230517_71,grey 2056x1542
230517_72,grey 2056x1542
230517_73,grey 2056x1542
230517_74,grey 2056x1542
230517_75,grey 2056x1542
230517_76,grey 2056x1542
230517_77,grey 2056x1542
230517_78,grey 2056x1542
230517_79,grey 2056x1542
230517_80,grey 2056x1542
230517_81,grey 2056x1542
230517_82,grey 2056x1542
230517_83,grey 2056x1542
230517_84,grey 2056x1542
230517_85,grey 2056x1542
230517_86,grey 2056x1542
230517_87,grey 2056x1542
230517_88,grey 2056x1542
230517_89,grey 2056x1542
230517_90,grey 2056x1542
230523_1,grey 2056x1542
230523_2,grey 2056x1542
230523_3,grey 2056x1542
230523_4,grey 2056x1542
230523_5,grey 2056x1542
230523_6,grey 2056x1542
230523_7,grey 2056x1542
230523_8,grey 2056x1542
230523_9,grey 2056x1542
230523_10,grey 2056x1542
230523_11,grey 2056x1542
230523_12,grey 2056x1542
230523_13,grey 2056x1542
230523_14,grey 2056x1542
230523_15,grey 2056x1542
230523_16,grey 2056x1542
230523_17,grey 2056x1542
230523_18,grey 2056x1542
230523_19,grey 2056x1542
230523_20,grey 2056x1542
230523_21,grey 2056x1542
230523_22,grey 2056x1542
230523_23,grey 2056x1542
230523_24,grey 2056x1542
230523_25,grey 2056x1542
230523_26,grey 2056x1542
230523_27,grey 2056x1542
230523_28,grey 2056x1542
230523_29,grey 2056x1542
230523_30,grey 2056x1542
230523_31,grey 2056x1542
230523_32,grey 2056x1542
230523_33,grey 2056x1542
230523_34,grey 2056x1542
230523_35,grey 2056x1542
230523_36,grey 2056x1542
230523_37,grey 2056x1542
230523_38,grey 2056x1542
230523_39,grey 2056x1542
230523_40,grey 2056x1542
230523_41,grey 2056x1542
230523_42,grey 2056x1542
230523_43,grey 2056x1542
230523_44,grey 2056x1542
230523_45,grey 2056x1542
230523_46,grey 2056x1542
230523_47,grey 2056x1542
230523_48,grey 2056x1542
230523_49,grey 2056x1542
230523_50,grey 2056x1542
230523_51,grey 2056x1542
230523_52,grey 2056x1542
230523_53,grey 2056x1542
230523_54,grey 2056x1542
230523_55,grey 2056x1542
230523_56,grey 2056x1542
230523_57,grey 2056x1542
230523_58,grey 2056x1542
230523_59,grey 2056x1542
230523_60,grey 2056x1542
230523_61,grey 2056x1542
230523_62,grey 2056x1542
230523_63,grey 2056x1542
230523_64,grey 2056x1542
230523_65,grey 2056x1542
230523_66,grey 2056x1542
230523_67,grey 2056x1542
230523_68,grey 2056x1542
230523_69,grey 2056x1542
230523_70,grey 2056x1542
230523_71,grey 2056x1542
230523_72,grey 2056x1542
230523_73,grey 2056x1542
230523_74,grey 2056x1542
230523_75,grey 2056x1542
230523_76,grey 2056x1542
230523_77,grey 2056x1542
230523_78,grey 2056x1542
230523_79,grey 2056x1542
230523_80,grey 2056x1542
230523_81,grey 2056x1542
230523_82,grey 2056x1542
230523_83,grey 2056x1542
230523_84,grey 2056x1542
230523_85,grey 2056x1542
230523_86,grey 2056x1542
230523_87,grey 2056x1542
230523_88,grey 2056x1542
230523_89,grey 2056x1542
230523_90,grey 2056x1542
230523_91,grey 2056x1542
230523_92,grey 2056x1542
230523_93,grey 2056x1542
230523_94,grey 2056x1542
230523_95,grey 2056x1542
230523_96,grey 2056x1542
230523_97,grey 2056x1542
230523_98,grey 2056x1542
230523_99,grey 2056x1542
230523_100,grey 2056x1542
230523_101,grey 2056x1542
230523_102,grey 2056x1542
230523_103,grey 2056x1542
230523_104,grey 2056x1542
230523_105,grey 2056x1542
230523_106,grey 2056x1542
230523_107,grey 2056x1542
230523_108,grey 2056x1542
230523_109,grey 2056x1542
230523_110,grey 2056x1542
230523_111,grey 2056x1542
230524_1,grey 2056x1542
230524_2,grey 2056x1542
230524_3,grey 2056x1542
230524_4,grey 2056x1542
230524_5,grey 2056x1542
230524_6,grey 2056x1542
230524_7,grey 2056x1542
230524_8,grey 2056x1542
230524_9,grey 2056x1542
230524_10,grey 2056x1542
230524_11,grey 2056x1542
230524_12,grey 2056x1542
230524_13,grey 2056x1542
230524_14,grey 2056x1542
230524_15,grey 2056x1542
230524_16,grey 2056x1542
230524_17,grey 2056x1542
230524_18,grey 2056x1542
230524_19,grey 2056x1542
230524_20,grey 2056x1542
230524_21,grey 2056x1542
230524_22,grey 2056x1542
230524_23,grey 2056x1542
230524_24,grey 2056x1542
230524_25,grey 2056x1542
230524_26,grey 2056x1542
230524_27,grey 2056x1542
230524_28,grey 2056x1542
230524_29,grey 2056x1542
230524_30,grey 2056x1542
230524_31,grey 2056x1542
230524_32,grey 2056x1542
230524_33,grey 2056x1542
230524_34,grey 2056x1542
230524_35,grey 2056x1542
230524_36,grey 2056x1542
230524_37,grey 2056x1542
230524_38,grey 2056x1542
230524_39,grey 2056x1542
230524_40,grey 2056x1542
230524_41,grey 2056x1542
230524_42,grey 2056x1542
230524_43,grey 2056x1542
230524_44,grey 2056x1542
230524_45,grey 2056x1542
230524_46,grey 2056x1542
230524_47,grey 2056x1542
230524_48,grey 2056x1542
230524_49,grey 2056x1542
230524_50,grey 2056x1542
230524_51,grey 2056x1542
230524_52,grey 2056x1542
230524_53,grey 2056x1542
230524_54,grey 2056x1542
230524_55,grey 2056x1542
230524_56,grey 2056x1542
230524_57,grey 2056x1542
230524_58,grey 2056x1542
230524_59,grey 2056x1542
230524_60,grey 2056x1542
230524_61,grey 2056x1542
230524_62,grey 2056x1542
230524_63,grey 2056x1542
230524_64,grey 2056x1542
230524_65,grey 2056x1542
230524_66,grey 2056x1542
230524_67,grey 2056x1542
230524_68,grey 2056x1542
230524_69,grey 2056x1542
230524_70,grey 2056x1542
230524_71,grey 2056x1542
230524_72,grey 2056x1542
230524_73,grey 2056x1542
230524_74,grey 2056x1542
230524_75,grey 2056x1542
230524_76,grey 2056x1542
230524_77,grey 2056x1542
230524_78,grey 2056x1542
230524_79,grey 2056x1542
230524_80,grey 2056x1542
230524_81,grey 2056x1542
230524_82,grey 2056x1542
230524_83,grey 2056x1542
230524_84,grey 2056x1542
230524_85,grey 2056x1542
230524_86,grey 2056x1542
230524_87,grey 2056x1542
230524_88,grey 2056x1542
230524_89,grey 2056x1542
230524_90,grey 2056x1542
230524_91,grey 2056x1542
230524_92,grey 2056x1542
230524_93,grey 2056x1542
230524_94,grey 2056x1542
230524_95,grey 2056x1542
230524_96,grey 2056x1542
230524_97,grey 2056x1542
230524_98,grey 2056x1542
230524_99,grey 2056x1542
230524_100,grey 2056x1542
230524_101,grey 2056x1542
230524_102,grey 2056x1542
230524_103,grey 2056x1542
230524_104,grey 2056x1542
230524_105,grey 2056x1542
230524_106,grey 2056x1542
230524_107,grey 2056x1542
230524_108,grey 2056x1542
230525_1,grey 2056x1542
230525_2,grey 2056x1542
230525_3,grey 2056x1542
230525_4,grey 2056x1542
230525_5,grey 2056x1542
230525_6,grey 2056x1542
230525_7,grey 2056x1542
230525_8,grey 2056x1542
230525_9,grey 2056x1542
230525_10,grey 2056x1542
230525_11,grey 2056x1542
230525_12,grey 2056x1542
230525_13,grey 2056x1542
230525_14,grey 2056x1542
230525_15,grey 2056x1542
230525_16,grey 2056x1542
230525_17,grey 2056x1542
230525_18,grey 2056x1542
230525_19,grey 2056x1542
230525_20,grey 2056x1542
230525_21,grey 2056x1542
230525_22,grey 2056x1542
230525_23,grey 2056x1542
230525_24,grey 2056x1542
230525_25,grey 2056x1542
230525_26,grey 2056x1542
230525_27,grey 2056x1542
230525_28,grey 2056x1542
230525_29,grey 2056x1542
230525_30,grey 2056x1542
230525_31,grey 2056x1542
230525_32,grey 2056x1542
230525_33,grey 2056x1542
230525_34,grey 2056x1542
230525_35,grey 2056x1542
230525_36,grey 2056x1542
230525_37,grey 2056x1542
230525_38,grey 2056x1542
230525_39,grey 2056x1542
230525_40,grey 2056x1542
230525_41,grey 2056x1542
230525_42,grey 2056x1542
230525_43,grey 2056x1542
230525_44,grey 2056x1542
230525_45,grey 2056x1542
230525_46,grey 2056x1542
230525_47,grey 2056x1542
230525_48,grey 2056x1542
230525_49,grey 2056x1542
230525_50,grey 2056x1542
230525_51,grey 2056x1542
230525_52,grey 2056x1542
230525_53,grey 2056x1542
230525_54,grey 2056x1542
230525_55,grey 2056x1542
230525_56,grey 2056x1542
230525_57,grey 2056x1542
230525_58,grey 2056x1542
230525_59,grey 2056x1542
230525_60,grey 2056x1542
230525_61,grey 2056x1542
230525_62,grey 2056x1542
230525_63,grey 2056x1542
230525_64,grey 2056x1542
230525_65,grey 2056x1542
230525_66,grey 2056x1542
230525_67,grey 2056x1542
230525_68,grey 2056x1542
230525_69,grey 2056x1542
230525_70,grey 2056x1542
230525_71,grey 2056x1542
230525_72,grey 2056x1542
230525_73,grey 2056x1542
230525_74,grey 2056x1542
230525_75,grey 2056x1542
230525_76,grey 2056x1542
230525_77,grey 2056x1542
230525_78,grey 2056x1542
230525_79,grey 2056x1542
230525_80,grey 2056x1542
230525_81,grey 2056x1542
230525_82,grey 2056x1542
230525_83,grey 2056x1542
230525_84,grey 2056x1542
230525_85,grey 2056x1542
230525_86,grey 2056x1542
230525_87,grey 2056x1542
230525_88,grey 2056x1542
230525_89,grey 2056x1542
230525_90,grey 2056x1542
230525_91,grey 2056x1542
230525_92,grey 2056x1542
230525_93,grey 2056x1542
230525_94,grey 2056x1542
230525_95,grey 2056x1542
230525_96,grey 2056x1542
230525_97,grey 2056x1542
230525_98,grey 2056x1542
230525_99,grey 2056x1542
230525_100,grey 2056x1542
230525_101,grey 2056x1542
230525_102,grey 2056x1542
230525_103,grey 2056x1542
230525_104,grey 2056x1542
230525_105,grey 2056x1542
230525_106,grey 2056x1542
230525_107,grey 2056x1542
230525_108,grey 2056x1542
230525_109,grey 2056x1542
230525_110,grey 2056x1542
230525_111,grey 2056x1542
230525_112,grey 2056x1542
230525_113,grey 2056x1542
230525_114,grey 2056x1542
230525_115,grey 2056x1542
230525_116,grey 2056x1542
230525_117,grey 2056x1542
230525_118,grey 2056x1542
230525_119,grey 2056x1542
230525_120,grey 2056x1542
230525_121,grey 2056x1542
230525_122,grey 2056x1542
230525_123,grey 2056x1542
230525_124,grey 2056x1542
230525_125,grey 2056x1542
230525_126,grey 2056x1542
230525_127,grey 2056x1542
230525_128,grey 2056x1542
230525_129,grey 2056x1542
230525_130,grey 2056x1542
230525_131,grey 2056x1542
230525_132,grey 2056x1542
230525_133,grey 2056x1542
230525_134,grey 2056x1542
230525_135,grey 2056x1542
230525_136,grey 2056x1542
230525_137,grey 2056x1542
230525_138,grey 2056x1542
230525_139,grey 2056x1542
230525_140,grey 2056x1542
230525_141,grey 2056x1542
230525_142,grey 2056x1542
230525_143,grey 2056x1542
230525_144,grey 2056x1542
230525_145,grey 2056x1542
230525_146,grey 2056x1542
230525_147,grey 2056x1542
230525_148,grey 2056x1542
230525_149,grey 2056x1542
230525_150,grey 2056x1542
230525_151,grey 2056x1542
230525_152,grey 2056x1542
230525_153,grey 2056x1542
230525_154,grey 2056x1542
230525_155,grey 2056x1542
230525_156,grey 2056x1542
230525_157,grey 2056x1542
230525_158,grey 2056x1542
230525_159,grey 2056x1542
230525_160,grey 2056x1542
230525_161,grey 2056x1542
230525_162,grey 2056x1542
230525_163,grey 2056x1542
230525_164,grey 2056x1542
230525_165,grey 2056x1542
230525_166,grey 2056x1542
230525_167,grey 2056x1542
230525_168,grey 2056x1542
230525_169,grey 2056x1542
230525_170,grey 2056x1542
230525_171,grey 2056x1542
230525_172,grey 2056x1542
230525_173,grey 2056x1542
230525_174,grey 2056x1542
230525_175,grey 2056x1542
230525_176,grey 2056x1542
230525_177,grey 2056x1542
230525_178,grey 2056x1542
230525_179,grey 2056x1542
230525_180,grey 2056x1542
230525_181,grey 2056x1542
230525_182,grey 2056x1542
230525_183,grey 2056x1542
230525_184,grey 2056x1542
230525_185,grey 2056x1542
230525_186,grey 2056x1542
230525_187,grey 2056x1542
230525_188,grey 2056x1542
230525_189,grey 2056x1542
230525_190,grey 2056x1542
230525_191,grey 2056x1542
230525_192,grey 2056x1542
230525_193,grey 2056x1542
230525_194,grey 2056x1542
230525_195,grey 2056x1542
230525_196,grey 2056x1542
230525_197,grey 2056x1542
230525_198,grey 2056x1542
230525_199,grey 2056x1542
230525_200,grey 2056x1542
230525_201,grey 2056x1542
230525_202,grey 2056x1542
230525_203,grey 2056x1542
230525_204,grey 2056x1542
230525_205,grey 2056x1542
230525_206,grey 2056x1542
230525_207,grey 2056x1542
230525_208,grey 2056x1542
230525_209,grey 2056x1542
230525_210,grey 2056x1542
230525_211,grey 2056x1542
230525_212,grey 2056x1542
230525_213,grey 2056x1542
230525_214,grey 2056x1542
230525_215,grey 2056x1542
230525_216,grey 2056x1542
230525_217,grey 2056x1542
230525_218,grey 2056x1542
230529_1,grey 2056x1542
230529_2,grey 2056x1542
230529_3,grey 2056x1542
230529_4,grey 2056x1542
230529_5,grey 2056x1542
230529_6,grey 2056x1542
230529_7,grey 2056x1542
230529_8,grey 2056x1542
230529_9,grey 2056x1542
230529_10,grey 2056x1542
230529_11,grey 2056x1542
230529_12,grey 2056x1542
230529_13,grey 2056x1542
230529_14,grey 2056x1542
230529_15,grey 2056x1542
230529_16,grey 2056x1542
230529_17,grey 2056x1542
230529_18,grey 2056x1542
230529_19,grey 2056x1542
230529_20,grey 2056x1542
230529_21,grey 2056x1542
230529_22,grey 2056x1542
230529_23,grey 2056x1542
230529_24,grey 2056x1542
230529_25,grey 2056x1542
230529_26,grey 2056x1542
230529_27,grey 2056x1542
230529_28,grey 2056x1542
230529_29,grey 2056x1542
230529_30,grey 2056x1542
230529_31,grey 2056x1542
230529_32,grey 2056x1542
230529_33,grey 2056x1542
230529_34,grey 2056x1542
230529_35,grey 2056x1542
230529_36,grey 2056x1542
230529_37,grey 2056x1542
230529_38,grey 2056x1542
230529_39,grey 2056x1542
230529_40,grey 2056x1542
230529_41,grey 2056x1542
230529_42,grey 2056x1542
230529_43,grey 2056x1542
230529_44,grey 2056x1542
230529_45,grey 2056x1542
230529_46,grey 2056x1542
230529_47,grey 2056x1542
230529_48,grey 2056x1542
230529_49,grey 2056x1542
230529_50,grey 2056x1542
230529_51,grey 2056x1542
230529_52,grey 2056x1542
230529_53,grey 2056x1542
230529_54,grey 2056x1542
230529_55,grey 2056x1542
230529_56,grey 2056x1542
230529_57,grey 2056x1542
230529_58,grey 2056x1542
230529_59,grey 2056x1542
230529_60,grey 2056x1542
230529_61,grey 2056x1542
230529_62,grey 2056x1542
230529_63,grey 2056x1542
230529_64,grey 2056x1542
230529_65,grey 2056x1542
230529_66,grey 2056x1542
230529_67,grey 2056x1542
230529_68,grey 2056x1542
230529_69,grey 2056x1542
230529_70,grey 2056x1542
230529_71,grey 2056x1542
230529_72,grey 2056x1542
230529_73,grey 2056x1542
230529_74,grey 2056x1542
230529_75,grey 2056x1542
230529_76,grey 2056x1542
230529_77,grey 2056x1542
230529_78,grey 2056x1542
230529_79,grey 2056x1542
230529_80,grey 2056x1542
230529_81,grey 2056x1542
230529_82,grey 2056x1542
230529_83,grey 2056x1542
230529_84,grey 2056x1542
230529_85,grey 2056x1542
230529_86,grey 2056x1542
230529_87,grey 2056x1542
230529_88,grey 2056x1542
230529_89,grey 2056x1542
230529_90,grey 2056x1542
230529_91,grey 2056x1542
230529_92,grey 2056x1542
230529_93,grey 2056x1542
230529_94,grey 2056x1542
230529_95,grey 2056x1542
230529_96,grey 2056x1542
230529_97,grey 2056x1542
230529_98,grey 2056x1542
230529_99,grey 2056x1542
230529_100,grey 2056x1542
230529_101,grey 2056x1542
230529_102,grey 2056x1542
230529_103,grey 2056x1542
230529_104,grey 2056x1542
230529_105,grey 2056x1542
230529_106,grey 2056x1542
230529_107,grey 2056x1542
230529_108,grey 2056x1542
230529_109,grey 2056x1542
230529_110,grey 2056x1542
230529_111,grey 2056x1542
230529_112,grey 2056x1542
230529_113,grey 2056x1542
230529_114,grey 2056x1542
230529_115,grey 2056x1542
230529_116,grey 2056x1542
230529_117,grey 2056x1542
230529_118,grey 2056x1542
230529_119,grey 2056x1542
230529_120,grey 2056x1542
230529_121,grey 2056x1542
230529_122,grey 2056x1542
230529_123,grey 2056x1542
230529_124,grey 2056x1542
230529_125,grey 2056x1542
230529_126,grey 2056x1542
230529_127,grey 2056x1542
230529_128,grey 2056x1542
230529_129,grey 2056x1542
230529_130,grey 2056x1542
230529_131,grey 2056x1542
230529_132,grey 2056x1542
230529_133,grey 2056x1542
230529_134,grey 2056x1542
230529_135,grey 2056x1542
230529_136,grey 2056x1542
230529_137,grey 2056x1542
230529_138,grey 2056x1542
230529_139,grey 2056x1542
230529_140,grey 2056x1542
230529_141,grey 2056x1542
230529_142,grey 2056x1542
230529_143,grey 2056x1542
230529_144,grey 2056x1542
230529_145,grey 2056x1542
230529_146,grey 2056x1542
230529_147,grey 2056x1542
230529_148,grey 2056x1542
230529_149,grey 2056x1542
230529_150,grey 2056x1542
230529_151,grey 2056x1542
230529_152,grey 2056x1542
230529_153,grey 2056x1542
230529_154,grey 2056x1542
230529_155,grey 2056x1542
230529_156,grey 2056x1542
230529_157,grey 2056x1542
230529_158,grey 2056x1542
230529_159,grey 2056x1542
230529_160,grey 2056x1542
230529_161,grey 2056x1542
230529_162,grey 2056x1542
230529_163,grey 2056x1542
230529_164,grey 2056x1542
230529_165,grey 2056x1542
230529_166,grey 2056x1542
230529_167,grey 2056x1542
230529_168,grey 2056x1542
230529_169,grey 2056x1542
230529_170,grey 2056x1542
230529_171,grey 2056x1542
230529_172,grey 2056x1542
230529_173,grey 2056x1542
230529_174,grey 2056x1542
230529_175,grey 2056x1542
230529_176,grey 2056x1542
230529_177,grey 2056x1542
230529_178,grey 2056x1542
230529_179,grey 2056x1542
230529_180,grey 2056x1542
230529_181,grey 2056x1542
230529_182,grey 2056x1542
230529_183,grey 2056x1542
230529_184,grey 2056x1542
230529_185,grey 2056x1542
230529_186,grey 2056x1542
230529_187,grey 2056x1542
230529_188,grey 2056x1542
230529_189,grey 2056x1542
230529_190,grey 2056x1542
230529_191,grey 2056x1542
230529_192,grey 2056x1542
230529_193,grey 2056x1542
230529_194,grey 2056x1542
230529_195,grey 2056x1542
230529_196,grey 2056x1542
230529_197,grey 2056x1542
230529_198,grey 2056x1542
230529_199,grey 2056x1542
230529_200,grey 2056x1542
230529_201,grey 2056x1542
230529_202,grey 2056x1542
230529_203,grey 2056x1542
230529_204,grey 2056x1542
230529_205,grey 2056x1542
230529_206,grey 2056x1542
230529_207,grey 2056x1542
230529_208,grey 2056x1542
230529_209,grey 2056x1542
230529_210,grey 2056x1542
230529_211,grey 2056x1542
230529_212,grey 2056x1542
230529_213,grey 2056x1542
230529_214,grey 2056x1542
230529_215,grey 2056x1542
230529_216,grey 2056x1542
